,1,2,3,4,5,6,7,8,9,10,11,12,13,14,15,16,17,18,19,20,21,22,23,24,25,26,27,28,29,30,31,32,33,34,35,36,37,38,39,40,41,42,43,44,45,46,47,48,49,50,51,52,53,54,55,56,57,58,59,60,61,62,63,64,65,66,67,68,69,70,71,72,73,74,75,76,77,78,79,80,81,82,83,84,85,86,87,88,89,90,91,92,93,94,95,96,97,98,99,100,101,102,103,104,105,106,107,108,109,110,111,112,113,114,115,116,117,118,119,120,121,122,123,124,125,126,127,128,129,130,131,132,133,134,135,136,137,138,139,140,141,142,143,144,145,146,147,148,149,150,151,152,153,154,155,156,157,158,159,160,161,162,163,164,165,166
,POPULATION,,,GRID ELECTRICITY,,,,BUS,,,,,,,,,,,,,,,,,,,,,,,,,,,,,,,,,,,,,,,,,,CAR,,,,,,,,,,,,,,,,,,,,,,,,,,,,,,,,,,,,,,,,,,,,,,,,,,,,,,,,,METRO,,,,,,TRAM,,,,,,PASSENGER TRAIN,,,,,,,,,,,,,FREIGHT ON RAILS,,,,,,,,,,,,ROAD FREIGHT,,,,,,,,,,INLAND WATERWAYS TRANSPORT,,,,,,,,,,TECHNOLOGY DEVELOPMENT FACTOR,,
Parameter,Annual_Change_Population,Annual_Change_Population,Annual_Change_Population,grid_electricity_emission_factor,Annual_Change_Grid_Electricity_EF,Annual_Change_Grid_Electricity_EF,Annual_Change_Grid_Electricity_EF,Passenger-km_per_capita_Bus,Occupancy_Rate_Bus,Annual_Change_Bus,Annual_Change_Bus,Annual_Change_Bus,Propulsion_Share_Bus,Propulsion_Share_Bus,Propulsion_Share_Bus,Propulsion_Share_Bus,Propulsion_Share_Bus,CF_Bus,CF_Bus,CF_Bus,CF_Bus,CF_Bus,EF_Street_Driving_Bus,EF_Street_Driving_Bus,EF_Street_Driving_Bus,EF_Street_Driving_Bus,Electricity_Consumption_Street_Driving_Bus,EF_Road_Driving_Bus,EF_Road_Driving_Bus,EF_Road_Driving_Bus,EF_Road_Driving_Bus,Electricity_Consumption_Road_Driving_Bus,Share_of_electric_buses,Share_of_electric_buses,Share_of_electric_buses,Share_of_electric_buses,Share_of_electric_buses,Share_of_electric_buses,Share_of_electric_buses,Share_road_driving,Share_street_driving,Share_road_driving,Share_street_driving,Share_road_driving,Share_street_driving,Share_road_driving,Share_street_driving,Share_road_driving,Share_street_driving,Passenger-km_per_capita_Car,Occupancy_Rate_Car,Annual_Change_Car,Annual_Change_Car,Annual_Change_Car,EF_Petrol_CAR,EF_Diesel_CAR,Propulsion_Share_Car,Propulsion_Share_Car,Propulsion_Share_Car,Propulsion_Share_Car,Propulsion_Share_Car,Propulsion_Share_Car,Propulsion_Share_Car,Propulsion_Share_Car,Propulsion_Share_Car,Propulsion_Share_Car,Propulsion_Share_Car,Propulsion_Share_Car,Propulsion_Share_Car,Propulsion_Share_Car,Propulsion_Share_Car,EF_Street_Driving_Car,EF_Street_Driving_Car,EF_Street_Driving_Car,EF_Street_Driving_Car,EF_Street_Driving_Car,EF_Street_Driving_Car,EF_Street_Driving_Car,EF_Street_Driving_Car,EF_Street_Driving_Car,EF_Street_Driving_Car,EF_Street_Driving_Car,EF_Street_Driving_Car,EF_Street_Driving_Car,EF_Street_Driving_Car,EF_Street_Driving_Car,EF_Road_Driving_Car,EF_Road_Driving_Car,EF_Road_Driving_Car,EF_Road_Driving_Car,EF_Road_Driving_Car,EF_Road_Driving_Car,EF_Road_Driving_Car,EF_Road_Driving_Car,EF_Road_Driving_Car,EF_Road_Driving_Car,EF_Road_Driving_Car,EF_Road_Driving_Car,EF_Road_Driving_Car,EF_Road_Driving_Car,EF_Road_Driving_Car,CF_Car,CF_Car,CF_Car,CF_Car,CF_Car,Passenger-km_per_capita_Metro,Occupancy_Rate_Metro,Electricity_Consumption_Metro,Annual_Change_Metro,Annual_Change_Metro,Annual_Change_Metro,Passenger-km_per_capita_Tram,Occupancy_Rate_Tram,Electricity_Consumption_Tram,Annual_Change_Tram,Annual_Change_Tram,Annual_Change_Tram,Passenger-km_per_capita_Train,Occupancy_Rate_Train,EF_Diesel_Train,Energy_Consumption_Electric_Train,Share_of_Electric_Engines,Annual_Change_Passenger_Train,Annual_Change_Passenger_Train,Annual_Change_Passenger_Train,CF_Passenger_Train,CF_Passenger_Train,CF_Passenger_Train,CF_Passenger_Train,CF_Passenger_Train,Vehicle-km_per_capita_Rail_Freight,EF_Diesel_Train,Energy_Consumption_Electric_Train,SHARE OF ELECTRIC ENGINES (%),Annual_Change_Rail_Freight,Annual_Change_Rail_Freight,Annual_Change_Rail_Freight,CF_Rail_Freight,CF_Rail_Freight,CF_Rail_Freight,CF_Rail_Freight,CF_Rail_Freight,Vehicle-km_per_capita_Road_Freight,ROAD TRANSPORT EMISSION FACTOR,Annual_Change_Road_Freight,Annual_Change_Road_Freight,Annual_Change_Road_Freight,CF_Road_Freight,CF_Road_Freight,CF_Road_Freight,CF_Road_Freight,CF_Road_Freight,Vehicle-km_per_capita_Waterways_Transport,EF_Inland_Waterways,Annual_Change_Waterways_Transport,Annual_Change_Waterways_Transport,Annual_Change_Waterways_Transport,CF_Waterways_Transport,CF_Waterways_Transport,CF_Waterways_Transport,CF_Waterways_Transport,CF_Waterways_Transport,Annual_Change_Vehicle_Efficiency,Annual_Change_Vehicle_Efficiency,Annual_Change_Vehicle_Efficiency
Specification,2021-30,2031-40,2041-50,,2021-30,2031-40,2041-50,,,2020-30,2030-40,2040-50,Petrol,LPG,Diesel,CNG,Electricity,metropolitan,city,suburban,town,rural,Petrol,LPG,Diesel,CNG,Electricity,Petrol,LPG,Diesel,CNG,Electricity,2020,2025,2030,2035,2040,2045,2050,METROPOLITAN_CENTER,METROPOLITAN_CENTER,URBAN,URBAN,SUBURBAN,SUBURBAN,TOWN,TOWN,RURAL,RURAL,,,2021-30,2031-40,2041-50,,,LPG,CNG,NGV,Petrol,Hybrid_electric-petrol,petrol_PHEV,Diesel,Hybrid_electric-diesel,diesel_PHEV,Hydrogen_fuel-cell,Bioethanol,Biodiesel,Bi-Fuel,Other,BEV ,LPG,CNG,NGV,Petrol,Hybrid_electric-petrol,petrol_PHEV,Diesel,Hybrid_electric-diesel,diesel_PHEV,Hydrogen_fuel-cell,Bioethanol,Biodiesel,Bi-Fuel,Other,BEV ,LPG,CNG,NGV,Petrol,Hybrid_electric-petrol,petrol_PHEV,Diesel,Hybrid_electric-diesel,diesel_PHEV,Hydrogen_fuel-cell,Bioethanol,Biodiesel,Bi-Fuel,Other,BEV ,metropolitan,city,suburban,town,rural,,,,2021-30,2031-40,2041-50,,,,2021-30,2031-40,2041-50,,,,,,2021-30,2031-40,2041-50,,,,,,,,,,2021-30,2031-40,2041-50,metropolitan,city,suburban,town,rural,,,2021-30,2031-40,2041-50,metropolitan,city,suburban,town,rural,,,2021-30,2031-40,2041-50,metropolitan,city,suburban,town,rural,2021-30,2031-40,2041-50
unit,%,%,%,gCO2/kWh,%,%,%,"pkm/(capita, a)",passengers/vehicle,%,%,%,%,%,%,%,%,-,-,-,-,-,gCO2e/vkm,gCO2e/vkm,gCO2e/vkm,gCO2e/vkm,kWh/vkm,gCO2e/vkm,gCO2e/vkm,gCO2e/vkm,gCO2e/vkm,kWh/vkm,%,%,%,%,%,%,%,%,%,%,%,%,%,%,%,%,%,"pkm/(capita, a)",,%,%,%,gCO2e/vkm,gCO2e/vkm,%,%,%,%,%,%,%,%,%,%,%,%,%,%,%,gCO2e/vkm,gCO2e/vkm,gCO2e/vkm,gCO2e/vkm,gCO2e/vkm,gCO2e/vkm,gCO2e/vkm,gCO2e/vkm,gCO2e/vkm,gCO2e/vkm,gCO2e/vkm,gCO2e/vkm,gCO2e/vkm,gCO2e/vkm,KWh/vkm,gCO2e/vkm,gCO2e/vkm,gCO2e/vkm,gCO2e/vkm,gCO2e/vkm,gCO2e/vkm,gCO2e/vkm,gCO2e/vkm,gCO2e/vkm,gCO2e/vkm,gCO2e/vkm,gCO2e/vkm,gCO2e/vkm,gCO2e/vkm,KWh/vkm,-,-,-,-,-,"pkm/(capita, a)",passengers/vehicle,kWh/vkm,%,%,%,"pkm/(capita, a)",passengers/vehicle,kWh/vkm,%,%,%,"pkm/(capita, a)",passengers/vehicle,gCO2e/vkm,kWh/vkm,%,%,%,%,metropolitan,city,suburban,town,rural,"vehicle-km/(capita, a)",gCO2e/vkm,kWh/vkm,%,%,%,%,-,-,-,-,-,"vehicle-km/(capita, a)",gCO2e/vkm,%,%,%,-,-,-,-,-,"vehicle-km/(capita, a)",gCO2e/vkm,%,%,%,-,-,-,-,-,%,%,%
year of data origin,2016,2016,2016,2013,2016,2016,2016,,,2016,2016,2016,,,,,,,,,,,,,,,,,,,,,,,,,,,,,,,,,,,,,,,2011,2016,2016,2016,,,,,,,,,,,,,,,,,,,,,,,,,,,,,,,,,,,,,,,,,,,,,,,,,,,,,,,,2016,2016,2016,,,,2016,2016,2016,,,,,,2016,2016,2016,,,,,,,,,,2016,2016,2016,,,,,,,,2016,2016,2016,,,,,,,,2016,2016,2016,,,,,,,,
source,EU refernce scenario 2016,EU refernce scenario 2016,EU refernce scenario 2016,,EU refernce scenario 2016,EU refernce scenario 2016,EU refernce scenario 2016,Eurostat,,EU refernce scenario 2016,EU refernce scenario 2017,EU refernce scenario 2018,Eurostat,Eurostat,Eurostat,Eurostat,Eurostat,,,,,,,,,,,,,,,,,,,,,,,,,,,,,,,,,,TRACCS,EU refernce scenario 2016,EU refernce scenario 2016,EU refernce scenario 2016,,,Eurostat,Eurostat,Eurostat,Eurostat,Eurostat,Eurostat,Eurostat,Eurostat,Eurostat,Eurostat,Eurostat,Eurostat,Eurostat,Eurostat,Eurostat,,,,,,,,,,,,,,,,,,,,,,,,,,,,,,,,,,,,,,,EU refernce scenario 2016,EU refernce scenario 2016,EU refernce scenario 2016,,,,EU refernce scenario 2016,EU refernce scenario 2016,EU refernce scenario 2016,,,,,,EU refernce scenario 2016,EU refernce scenario 2016,EU refernce scenario 2016,,,,,,Eurostat,,,Eurostat,EU refernce scenario 2016,EU refernce scenario 2016,EU refernce scenario 2016,,,,,,Eurostat,Eurostat,EU refernce scenario 2016,EU refernce scenario 2016,EU refernce scenario 2016,,,,,,Eurostat,Eurostat,EU refernce scenario 2016,EU refernce scenario 2016,EU refernce scenario 2016,,,,,,,,
country,POP_COL1,POP_COL2,POP_COL3,ENE_COL1,ENE_COL2,ENE_COL3,ENE_COL4,BUS_COL1,BUS_COL2,BUS_COL3,BUS_COL4,BUS_COL5,BUS_COL6,BUS_COL7,BUS_COL8,BUS_COL9,BUS_COL10,BUS_COL11,BUS_COL12,BUS_COL13,BUS_COL14,BUS_COL15,BUS_COL16,BUS_COL17,BUS_COL18,BUS_COL19,BUS_COL20,BUS_COL21,BUS_COL22,BUS_COL23,BUS_COL24,BUS_COL25,BUS_COL26,BUS_COL27,BUS_COL28,BUS_COL29,BUS_COL30,BUS_COL31,BUS_COL32,BUS_COL33,BUS_COL34,BUS_COL35,BUS_COL36,BUS_COL37,BUS_COL38,BUS_COL39,BUS_COL40,BUS_COL41,BUS_COL42,CAR_COL1,CAR_COL2,CAR_COL4,CAR_COL5,CAR_COL6,CAR_COL7,CAR_COL8,CAR_COL9,CAR_COL10,CAR_COL11,CAR_COL12,CAR_COL13,CAR_COL14,CAR_COL15,CAR_COL16,CAR_COL17,CAR_COL18,CAR_COL19,CAR_COL20,CAR_COL21,CAR_COL22,CAR_COL23,CAR_COL24,CAR_COL25,CAR_COL26,CAR_COL27,CAR_COL28,CAR_COL29,CAR_COL30,CAR_COL31,CAR_COL32,CAR_COL33,CAR_COL34,CAR_COL35,CAR_COL36,CAR_COL37,CAR_COL38,CAR_COL39,CAR_COL40,CAR_COL41,CAR_COL42,CAR_COL43,CAR_COL44,CAR_COL45,CAR_COL46,CAR_COL47,CAR_COL48,CAR_COL49,CAR_COL50,CAR_COL51,CAR_COL52,CAR_COL53,CAR_COL54,CAR_COL55,CAR_COL56,CAR_COL57,CAR_COL58,METRO_COL1,METRO_COL2,METRO_COL3,METRO_COL4,METRO_COL5,METRO_COL6,TRAM_COL1,TRAM_COL2,TRAM_COL3,TRAM_COL4,TRAM_COL5,TRAM_COL6,TRAIN_COL1,TRAIN_COL2,TRAIN_COL3,TRAIN_COL4,TRAIN_COL5,TRAIN_COL6,TRAIN_COL7,TRAIN_COL8,TRAIN_COL9,TRAIN_COL10,TRAIN_COL11,TRAIN_COL12,TRAIN_COL13,RAIL_TRN_COL1,RAIL_TRN_COL2,RAIL_TRN_COL3,RAIL_TRN_COL4,RAIL_TRN_COL5,RAIL_TRN_COL6,RAIL_TRN_COL7,RAIL_TRN_COL8,RAIL_TRN_COL9,RAIL_TRN_COL10,RAIL_TRN_COL11,RAIL_TRN_COL12,ROAD_TRN_COL1,ROAD_TRN_COL2,ROAD_TRN_COL3,ROAD_TRN_COL4,ROAD_TRN_COL5,ROAD_TRN_COL6,ROAD_TRN_COL7,ROAD_TRN_COL8,ROAD_TRN_COL9,ROAD_TRN_COL10,WATER_TRN_COL1,WATER_TRN_COL2,WATER_TRN_COL3,WATER_TRN_COL4,WATER_TRN_COL5,WATER_TRN_COL6,WATER_TRN_COL7,WATER_TRN_COL8,WATER_TRN_COL9,WATER_TRN_COL10,TECH_COL1,TECH_COL2,TECH_COL3
Austria,0.5000000000,0.2000000000,0.2000000000,263.0275229358,-0.9000000000,-2.5000000000,-2.5000000000,1176.4430275625,12.0000000000,0.8000000000,0.7000000000,0.7000000000,0.7000000000,0.0000000000,99.2000000000,0.1000000000,0.0000000000,2.0000000000,1.5000000000,1.0000000000,0.8000000000,0.5000000000,433.0192220148,470.6730674074,433.3722268154,649.0581599548,0.8220948411,261.9160061864,284.6913110722,262.1295246697,392.5893179685,0.9671704013,0.1000000000,0.2000000000,0.4000000000,0.6000000000,0.8000000000,1.0000000000,1.3000000000,0.0000000000,100.0000000000,10.0000000000,90.0000000000,20.0000000000,80.0000000000,70.0000000000,30.0000000000,100.0000000000,0.0000000000,8970.0418125242,1.1800000000,0.6000000000,0.6000000000,0.6000000000,0.1696193778,0.1762916020,0.0000399554,0.0472472343,0.5340435801,42.7370512612,0.5717414791,0.1092180253,55.4646970264,0.0443504694,0.0048545784,0.0004794645,,,0.0701216881,,0.4161552378,261.1347600000,96.5000000000,63.2160000000,233.3594949073,157.4078400000,,256.2080801178,165.1766400000,,0.0000000000,6.5850000000,1.3170000000,38.0000000000,225.8391600000,0.2000000000,175.0812400000,60.4000000000,42.3840000000,156.4589476106,105.5361600000,,159.2494506665,102.6676800000,,0.0000000000,4.4150000000,0.8830000000,27.0000000000,151.4168400000,0.2000000000,0.3000000000,0.7000000000,1.2000000000,1.2000000000,3.0000000000,22.3647176439,18.0000000000,402.5649175906,1.4000000000,0.8000000000,0.8000000000,22.3647176439,18.0000000000,63.1266055046,1.4000000000,0.8000000000,0.8000000000,1478.2824026517,179.9000000000,3226.2337334254,,85.4728577726,1.4000000000,0.8000000000,0.8000000000,2.0000000000,1.5000000000,0.7000000000,0.7000000000,0.5000000000,95.7080864235,,,4124.9512817830,1.4000000000,1.1000000000,1.1000000000,2.0000000000,2.0000000000,1.0000000000,1.0000000000,0.5000000000,208.2908138429,500.0000000000,1.3000000000,0.8000000000,0.8000000000,2.0000000000,1.5000000000,0.5000000000,1.0000000000,0.5000000000,179.7895902051,29.0000000000,1.0000000000,0.9000000000,0.9000000000,2.0000000000,1.0000000000,0.5000000000,0.7000000000,0.2000000000,0.0000000000,0.0000000000,0.0000000000
Belgium,0.9000000000,0.7000000000,0.7000000000,204.0628272251,6.7000000000,-0.5000000000,-0.5000000000,1177.3412548632,12.0000000000,0.1000000000,0.2000000000,0.2000000000,0.7000000000,0.0000000000,99.2000000000,0.1000000000,0.0000000000,2.0000000000,1.5000000000,1.0000000000,0.8000000000,0.5000000000,433.0192220148,470.6730674074,433.3722268154,649.0581599548,0.8220948411,261.9160061864,284.6913110722,262.1295246697,392.5893179685,0.9671704013,0.3000000000,0.4000000000,0.6000000000,1.0000000000,1.2000000000,1.5000000000,1.7000000000,0.0000000000,100.0000000000,10.0000000000,90.0000000000,20.0000000000,80.0000000000,70.0000000000,30.0000000000,100.0000000000,0.0000000000,9484.5160815676,1.5100000000,0.8000000000,0.6000000000,0.6000000000,0.1722273083,0.1733434398,0.0003024242,0.0887615123,1.0533436023,45.5249950268,1.7214155336,,50.5036371554,0.1432650795,,,0.0018313467,,,0.7047492701,0.2576990489,261.1347600000,96.5000000000,63.2160000000,233.3594949073,157.4078400000,,256.2080801178,165.1766400000,,0.0000000000,6.5850000000,1.3170000000,38.0000000000,225.8391600000,0.2000000000,175.0812400000,60.4000000000,42.3840000000,156.4589476106,105.5361600000,,159.2494506665,102.6676800000,,0.0000000000,4.4150000000,0.8830000000,27.0000000000,151.4168400000,0.2000000000,0.3000000000,0.7000000000,1.2000000000,1.2000000000,3.0000000000,3.3537758860,18.0000000000,60.3679659473,1.7000000000,1.7000000000,1.7000000000,3.3537758860,18.0000000000,253.0379057592,1.7000000000,1.7000000000,1.7000000000,925.9866880984,179.9000000000,2613.2170680628,,50.0000000000,1.7000000000,1.7000000000,1.7000000000,2.0000000000,1.5000000000,0.7000000000,0.7000000000,0.5000000000,30.6862889800,,,6734.2330052356,3.2000000000,1.7000000000,1.7000000000,2.0000000000,2.0000000000,1.0000000000,1.0000000000,0.5000000000,192.2772671008,500.0000000000,1.8000000000,0.9000000000,0.9000000000,2.0000000000,1.5000000000,0.5000000000,1.0000000000,0.5000000000,638.7665407722,29.0000000000,1.6000000000,1.4000000000,1.4000000000,2.0000000000,1.0000000000,0.5000000000,0.7000000000,0.2000000000,0.0000000000,0.0000000000,0.0000000000
Bulgaria,-0.7000000000,-0.6000000000,-0.6000000000,560.6320166320,-2.7000000000,-7.7000000000,-7.7000000000,1452.3152080466,12.0000000000,0.4000000000,0.4000000000,0.4000000000,0.2000000000,0.1000000000,99.6000000000,0.1000000000,0.0000000000,2.0000000000,1.5000000000,1.0000000000,0.8000000000,0.5000000000,433.0192220148,470.6730674074,433.3722268154,649.0581599548,0.8220948411,261.9160061864,284.6913110722,262.1295246697,392.5893179685,0.9671704013,0.0000000000,0.1000000000,0.2000000000,0.3000000000,0.4000000000,0.6000000000,0.8000000000,0.0000000000,100.0000000000,10.0000000000,90.0000000000,20.0000000000,80.0000000000,70.0000000000,30.0000000000,100.0000000000,0.0000000000,8452.0349605495,1.5600000000,0.7000000000,0.4000000000,0.4000000000,0.1700746896,0.1750023660,0.0002446632,0.0030654866,0.2215209822,52.2504125454,0.3327276239,,46.4948967564,0.4789211099,,,,,0.1778413966,0.0001007437,0.0402686921,261.1347600000,96.5000000000,63.2160000000,233.3594949073,157.4078400000,,256.2080801178,165.1766400000,,0.0000000000,6.5850000000,1.3170000000,38.0000000000,225.8391600000,0.2000000000,175.0812400000,60.4000000000,42.3840000000,156.4589476106,105.5361600000,,159.2494506665,102.6676800000,,0.0000000000,4.4150000000,0.8830000000,27.0000000000,151.4168400000,0.2000000000,0.3000000000,0.7000000000,1.2000000000,1.2000000000,3.0000000000,4.3575044790,18.0000000000,78.4350806211,1.6000000000,0.9000000000,0.9000000000,4.3575044790,18.0000000000,1255.8157172557,1.6000000000,0.9000000000,0.9000000000,213.4012516070,179.9000000000,4866.7343451144,,50.0000000000,1.6000000000,0.9000000000,0.9000000000,2.0000000000,1.5000000000,0.7000000000,0.7000000000,0.5000000000,51.9122905721,,,8714.9748523909,2.2000000000,1.5000000000,1.5000000000,2.0000000000,2.0000000000,1.0000000000,1.0000000000,0.5000000000,114.9722898822,500.0000000000,1.3000000000,0.9000000000,0.9000000000,2.0000000000,1.5000000000,0.5000000000,1.0000000000,0.5000000000,904.4974458357,29.0000000000,1.8000000000,1.1000000000,1.1000000000,2.0000000000,1.0000000000,0.5000000000,0.7000000000,0.2000000000,0.0000000000,0.0000000000,0.0000000000
Croatia,-0.3000000000,-0.3000000000,-0.3000000000,375.3446601942,-4.0000000000,-3.1000000000,-3.1000000000,979.9700670583,12.0000000000,0.7000000000,0.7000000000,0.7000000000,0.2000000000,0.0000000000,99.6000000000,0.2000000000,0.0000000000,2.0000000000,1.5000000000,1.0000000000,0.8000000000,0.5000000000,433.0192220148,470.6730674074,433.3722268154,649.0581599548,0.8220948411,261.9160061864,284.6913110722,262.1295246697,392.5893179685,0.9671704013,0.1000000000,0.3000000000,0.8000000000,1.0000000000,1.2000000000,1.6000000000,1.8000000000,0.0000000000,100.0000000000,10.0000000000,90.0000000000,20.0000000000,80.0000000000,70.0000000000,30.0000000000,100.0000000000,0.0000000000,6487.8218682336,1.3800000000,0.9000000000,0.7000000000,0.7000000000,0.1657163627,0.1735069003,0.0031241684,0.0004463098,3.7700344272,41.5025130030,,,50.9574181426,,,0.0000557887,0.0001115774,0.0000557887,3.4303369025,0.2954570686,0.0404468230,261.1347600000,96.5000000000,63.2160000000,233.3594949073,157.4078400000,,256.2080801178,165.1766400000,,0.0000000000,6.5850000000,1.3170000000,38.0000000000,225.8391600000,0.2000000000,175.0812400000,60.4000000000,42.3840000000,156.4589476106,105.5361600000,,159.2494506665,102.6676800000,,0.0000000000,4.4150000000,0.8830000000,27.0000000000,151.4168400000,0.2000000000,0.3000000000,0.7000000000,1.2000000000,1.2000000000,3.0000000000,0.0000000000,18.0000000000,0.0000000000,0.6000000000,0.6000000000,0.6000000000,7.9302159168,18.0000000000,1216.1166990291,0.6000000000,0.6000000000,0.6000000000,185.0679635463,179.9000000000,3695.7182524272,,50.0000000000,0.6000000000,0.6000000000,0.6000000000,2.0000000000,1.5000000000,0.7000000000,0.7000000000,0.5000000000,65.3842367463,,,7685.7035873787,1.2000000000,0.6000000000,0.6000000000,2.0000000000,2.0000000000,1.0000000000,1.0000000000,0.5000000000,203.9511473793,500.0000000000,1.7000000000,1.0000000000,1.0000000000,2.0000000000,1.5000000000,0.5000000000,1.0000000000,0.5000000000,223.7166948893,29.0000000000,0.9000000000,1.5000000000,1.5000000000,2.0000000000,1.0000000000,0.5000000000,0.7000000000,0.2000000000,0.0000000000,0.0000000000,0.0000000000
Cyprus,0.3000000000,0.6000000000,0.6000000000,684.4144144144,-3.2000000000,-1.3000000000,-1.3000000000,1802.6022620724,12.0000000000,0.1000000000,0.8000000000,0.8000000000,0.2000000000,0.0000000000,99.8000000000,0.0000000000,0.0000000000,2.0000000000,1.5000000000,1.0000000000,0.8000000000,0.5000000000,433.0192220148,470.6730674074,433.3722268154,649.0581599548,0.8220948411,261.9160061864,284.6913110722,262.1295246697,392.5893179685,0.9671704013,0.1000000000,0.3000000000,0.6000000000,0.9000000000,1.3000000000,1.7000000000,2.0000000000,0.0000000000,100.0000000000,10.0000000000,90.0000000000,20.0000000000,80.0000000000,70.0000000000,30.0000000000,100.0000000000,0.0000000000,7757.4025622567,1.4600000000,0.8000000000,1.1000000000,1.1000000000,0.1771902011,0.1853893489,0.0000000000,0.0000000000,0.1269998552,78.4412512277,1.3666440463,0.0000000000,19.9381050156,0.0000000000,0.0000000000,0.0000000000,0.0000000000,0.0000000000,0.0000000000,0.0978666467,0.0291332085,261.1347600000,96.5000000000,63.2160000000,233.3594949073,157.4078400000,,256.2080801178,165.1766400000,,0.0000000000,6.5850000000,1.3170000000,38.0000000000,225.8391600000,0.2000000000,175.0812400000,60.4000000000,42.3840000000,156.4589476106,105.5361600000,,159.2494506665,102.6676800000,,0.0000000000,4.4150000000,0.8830000000,27.0000000000,151.4168400000,0.2000000000,0.3000000000,0.7000000000,1.2000000000,1.2000000000,3.0000000000,0.0000000000,18.0000000000,0.0000000000,0.0000000000,0.0000000000,0.0000000000,0.0000000000,18.0000000000,2901.9171171171,0.0000000000,0.0000000000,0.0000000000,0.0000000000,179.9000000000,5649.0390990991,,50.0000000000,0.0000000000,0.0000000000,0.0000000000,2.0000000000,1.5000000000,0.7000000000,0.7000000000,0.5000000000,0.0000000000,,,9402.5860720721,0.0000000000,0.0000000000,0.0000000000,2.0000000000,2.0000000000,1.0000000000,1.0000000000,0.5000000000,166.2192577050,500.0000000000,1.3000000000,0.8000000000,0.8000000000,2.0000000000,1.5000000000,0.5000000000,1.0000000000,0.5000000000,,29.0000000000,0.0000000000,0.0000000000,0.0000000000,2.0000000000,1.0000000000,0.5000000000,0.7000000000,0.2000000000,0.0000000000,0.0000000000,0.0000000000
Czechia,0.1000000000,0.1000000000,0.1000000000,582.3396226415,-0.5000000000,-7.9000000000,-7.9000000000,1753.2725473910,12.0000000000,1.5000000000,1.0000000000,1.0000000000,7.8000000000,0.0000000000,84.7000000000,7.5000000000,0.0000000000,2.0000000000,1.5000000000,1.0000000000,0.8000000000,0.5000000000,433.0192220148,470.6730674074,433.3722268154,649.0581599548,0.8220948411,261.9160061864,284.6913110722,262.1295246697,392.5893179685,0.9671704013,0.1000000000,0.2000000000,0.4000000000,0.6000000000,0.8000000000,1.1000000000,1.4000000000,0.0000000000,100.0000000000,10.0000000000,90.0000000000,20.0000000000,80.0000000000,70.0000000000,30.0000000000,100.0000000000,0.0000000000,7491.5917593037,1.3800000000,1.4000000000,1.1000000000,1.1000000000,0.1711108412,0.1733600000,1.7504555560,,1.8866776489,57.7737612709,,,38.4528834314,,,,,,,0.0002327446,0.1359893483,261.1347600000,96.5000000000,63.2160000000,233.3594949073,157.4078400000,,256.2080801178,165.1766400000,,0.0000000000,6.5850000000,1.3170000000,38.0000000000,225.8391600000,0.2000000000,175.0812400000,60.4000000000,42.3840000000,156.4589476106,105.5361600000,,159.2494506665,102.6676800000,,0.0000000000,4.4150000000,0.8830000000,27.0000000000,151.4168400000,0.2000000000,0.3000000000,0.7000000000,1.2000000000,1.2000000000,3.0000000000,27.8634930338,18.0000000000,501.5428746086,1.6000000000,1.0000000000,1.0000000000,27.8634930338,18.0000000000,3051.4596226415,1.6000000000,1.0000000000,1.0000000000,954.9815885717,179.9000000000,5154.1579338519,,53.1871300097,1.6000000000,1.0000000000,1.0000000000,2.0000000000,1.5000000000,0.7000000000,0.7000000000,0.5000000000,0.0000000000,,,8684.7604384824,1.8000000000,1.1000000000,1.1000000000,2.0000000000,2.0000000000,1.0000000000,1.0000000000,0.5000000000,,500.0000000000,1.4000000000,1.2000000000,1.2000000000,2.0000000000,1.5000000000,0.5000000000,1.0000000000,0.5000000000,1.6819636589,29.0000000000,1.7000000000,1.3000000000,1.3000000000,2.0000000000,1.0000000000,0.5000000000,0.7000000000,0.2000000000,0.0000000000,0.0000000000,0.0000000000
Denmark,0.5000000000,0.3000000000,0.3000000000,118.1221864952,-2.3000000000,-4.8000000000,-4.8000000000,1246.5552690926,12.0000000000,0.6000000000,0.2000000000,0.2000000000,2.8000000000,0.0000000000,97.1000000000,0.0000000000,0.0000000000,2.0000000000,1.5000000000,1.0000000000,0.8000000000,0.5000000000,433.0192220148,470.6730674074,433.3722268154,649.0581599548,0.8220948411,261.9160061864,284.6913110722,262.1295246697,392.5893179685,0.9671704013,0.1000000000,0.3000000000,0.7000000000,1.0000000000,1.3000000000,1.7000000000,2.1000000000,0.0000000000,100.0000000000,10.0000000000,90.0000000000,20.0000000000,80.0000000000,70.0000000000,30.0000000000,100.0000000000,0.0000000000,10619.3259782106,1.5600000000,0.7000000000,0.3000000000,0.3000000000,0.1742400444,0.1768532894,0.0001499556,0.0052484445,0.5897377165,67.6290564384,,0.3688156922,30.8226524364,,,0.0028866445,,,,0.0001124667,0.5813402053,261.1347600000,96.5000000000,63.2160000000,233.3594949073,157.4078400000,,256.2080801178,165.1766400000,,0.0000000000,6.5850000000,1.3170000000,38.0000000000,225.8391600000,0.2000000000,175.0812400000,60.4000000000,42.3840000000,156.4589476106,105.5361600000,,159.2494506665,102.6676800000,,0.0000000000,4.4150000000,0.8830000000,27.0000000000,151.4168400000,0.2000000000,0.3000000000,0.7000000000,1.2000000000,1.2000000000,3.0000000000,1.6742641157,18.0000000000,30.1367540832,1.9000000000,0.9000000000,0.9000000000,1.6742641157,18.0000000000,737.0824437299,1.9000000000,0.9000000000,0.9000000000,1060.7794974183,179.9000000000,2070.0722186495,,50.0000000000,1.9000000000,0.9000000000,0.9000000000,2.0000000000,1.5000000000,0.7000000000,0.7000000000,0.5000000000,29.9820333576,,,6256.8327459808,1.6000000000,1.3000000000,1.3000000000,2.0000000000,2.0000000000,1.0000000000,1.0000000000,0.5000000000,232.0878515277,500.0000000000,1.3000000000,1.0000000000,1.0000000000,2.0000000000,1.5000000000,0.5000000000,1.0000000000,0.5000000000,,29.0000000000,0.9000000000,0.9000000000,0.9000000000,2.0000000000,1.0000000000,0.5000000000,0.7000000000,0.2000000000,0.0000000000,0.0000000000,0.0000000000
Estonia,-0.6000000000,-0.3000000000,-0.3000000000,710.8761514841,-1.3000000000,-6.1000000000,-6.1000000000,2171.6667850441,12.0000000000,0.6000000000,0.3000000000,0.3000000000,4.2000000000,0.0000000000,92.4000000000,3.4000000000,0.0000000000,2.0000000000,1.5000000000,1.0000000000,0.8000000000,0.5000000000,433.0192220148,470.6730674074,433.3722268154,649.0581599548,0.8220948411,261.9160061864,284.6913110722,262.1295246697,392.5893179685,0.9671704013,0.2000000000,0.3000000000,0.6000000000,1.0000000000,1.2000000000,1.5000000000,1.7000000000,0.0000000000,100.0000000000,10.0000000000,90.0000000000,20.0000000000,80.0000000000,70.0000000000,30.0000000000,100.0000000000,0.0000000000,10221.4599108145,1.4500000000,0.5000000000,0.5000000000,0.5000000000,0.1996100125,0.1877148979,0.0003761119,0.1659907100,0.3396290283,58.7093093959,1.1223178522,,39.4333247663,0.0557899290,,,,,,,0.1732622064,261.1347600000,96.5000000000,63.2160000000,233.3594949073,157.4078400000,,256.2080801178,165.1766400000,,0.0000000000,6.5850000000,1.3170000000,38.0000000000,225.8391600000,0.2000000000,175.0812400000,60.4000000000,42.3840000000,156.4589476106,105.5361600000,,159.2494506665,102.6676800000,,0.0000000000,4.4150000000,0.8830000000,27.0000000000,151.4168400000,0.2000000000,0.3000000000,0.7000000000,1.2000000000,1.2000000000,3.0000000000,0.0000000000,18.0000000000,0.0000000000,2.4000000000,1.2000000000,1.2000000000,5.7196825024,18.0000000000,5146.7433367451,2.4000000000,1.2000000000,1.2000000000,313.5178051047,179.9000000000,5816.2772773797,,50.0000000000,2.4000000000,1.2000000000,1.2000000000,2.0000000000,1.5000000000,0.7000000000,0.7000000000,0.5000000000,117.2849630545,,,9549.5810214944,2.2000000000,1.3000000000,1.3000000000,2.0000000000,2.0000000000,1.0000000000,1.0000000000,0.5000000000,162.5887437184,500.0000000000,1.3000000000,0.9000000000,0.9000000000,2.0000000000,1.5000000000,0.5000000000,1.0000000000,0.5000000000,,29.0000000000,1.2000000000,0.9000000000,0.9000000000,2.0000000000,1.0000000000,0.5000000000,0.7000000000,0.2000000000,0.0000000000,0.0000000000,0.0000000000
Finland,0.5000000000,0.2000000000,0.2000000000,100.0559006211,-1.0000000000,-5.5000000000,-5.5000000000,1458.7130772691,12.0000000000,0.3000000000,0.3000000000,0.3000000000,0.2000000000,0.0000000000,99.3000000000,0.5000000000,0.0000000000,2.0000000000,1.5000000000,1.0000000000,0.8000000000,0.5000000000,433.0192220148,470.6730674074,433.3722268154,649.0581599548,0.8220948411,261.9160061864,284.6913110722,262.1295246697,392.5893179685,0.9671704013,0.2000000000,0.5000000000,1.4000000000,1.7000000000,2.0000000000,2.2000000000,2.5000000000,0.0000000000,100.0000000000,10.0000000000,90.0000000000,20.0000000000,80.0000000000,70.0000000000,30.0000000000,100.0000000000,0.0000000000,12289.8393728858,1.4000000000,0.4000000000,0.2000000000,0.2000000000,0.1911415851,0.1850535746,0.0000560395,0.0889627614,0.5353456757,70.8011327832,1.5043813109,0.6445387092,25.8598355968,0.0559554755,0.0588415115,0.0000280198,0.1254164788,,0.1855468996,0.0046232616,0.1353354765,261.1347600000,96.5000000000,63.2160000000,233.3594949073,157.4078400000,,256.2080801178,165.1766400000,,0.0000000000,6.5850000000,1.3170000000,38.0000000000,225.8391600000,0.2000000000,175.0812400000,60.4000000000,42.3840000000,156.4589476106,105.5361600000,,159.2494506665,102.6676800000,,0.0000000000,4.4150000000,0.8830000000,27.0000000000,151.4168400000,0.2000000000,0.3000000000,0.7000000000,1.2000000000,1.2000000000,3.0000000000,3.2864804877,18.0000000000,59.1566487793,1.1000000000,0.9000000000,0.9000000000,3.2864804877,18.0000000000,824.4606211180,1.1000000000,0.9000000000,0.9000000000,819.5102346618,179.9000000000,1347.7038941543,,93.9960281836,1.1000000000,0.9000000000,0.9000000000,2.0000000000,1.5000000000,0.7000000000,0.7000000000,0.5000000000,100.2607813411,,,1717.4042171843,1.5000000000,1.4000000000,1.4000000000,2.0000000000,2.0000000000,1.0000000000,1.0000000000,0.5000000000,269.2006872769,500.0000000000,1.3000000000,0.7000000000,0.7000000000,2.0000000000,1.5000000000,0.5000000000,1.0000000000,0.5000000000,22.9499007281,29.0000000000,0.9000000000,1.1000000000,1.1000000000,2.0000000000,1.0000000000,0.5000000000,0.7000000000,0.2000000000,0.0000000000,0.0000000000,0.0000000000
France,0.4000000000,0.3000000000,0.3000000000,87.8431372549,-8.0000000000,1.7000000000,1.7000000000,895.1988052954,12.0000000000,0.8000000000,0.7000000000,0.7000000000,0.0000000000,0.0000000000,100.0000000000,0.0000000000,0.0000000000,2.0000000000,1.5000000000,1.0000000000,0.8000000000,0.5000000000,433.0192220148,470.6730674074,433.3722268154,649.0581599548,0.8220948411,261.9160061864,284.6913110722,262.1295246697,392.5893179685,0.9671704013,0.3000000000,0.6000000000,1.3000000000,1.7000000000,2.1000000000,2.5000000000,3.0000000000,0.0000000000,100.0000000000,10.0000000000,90.0000000000,20.0000000000,80.0000000000,70.0000000000,30.0000000000,100.0000000000,0.0000000000,11452.0172906372,1.8300000000,0.6000000000,0.4000000000,0.4000000000,0.1648168155,0.1707346325,0.0004212832,0.0019720939,1.0406336515,33.8272197252,1.3576309547,0.2315226021,62.2791464717,0.2167532673,0.0064596760,0.0006105554,0.1282837920,,0.4229744543,0.0128094520,0.4735620207,261.1347600000,96.5000000000,63.2160000000,233.3594949073,157.4078400000,,256.2080801178,165.1766400000,,0.0000000000,6.5850000000,1.3170000000,38.0000000000,225.8391600000,0.2000000000,175.0812400000,60.4000000000,42.3840000000,156.4589476106,105.5361600000,,159.2494506665,102.6676800000,,0.0000000000,4.4150000000,0.8830000000,27.0000000000,151.4168400000,0.2000000000,0.3000000000,0.7000000000,1.2000000000,1.2000000000,3.0000000000,4.4481834076,18.0000000000,80.0673013377,1.4000000000,1.5000000000,1.5000000000,4.4481834076,18.0000000000,811.6705882353,1.4000000000,1.5000000000,1.5000000000,1439.8069003939,179.9000000000,1878.7086274510,,50.0000000000,1.4000000000,1.5000000000,1.5000000000,2.0000000000,1.5000000000,0.7000000000,0.7000000000,0.5000000000,26.3512226608,,,6088.6326274510,3.1000000000,1.6000000000,1.6000000000,2.0000000000,2.0000000000,1.0000000000,1.0000000000,0.5000000000,232.8192160343,500.0000000000,2.1000000000,0.8000000000,0.8000000000,2.0000000000,1.5000000000,0.5000000000,1.0000000000,0.5000000000,103.6186469614,29.0000000000,1.1000000000,0.4000000000,0.4000000000,2.0000000000,1.0000000000,0.5000000000,0.7000000000,0.2000000000,0.0000000000,0.0000000000,0.0000000000
Germany,-0.1000000000,-0.3000000000,-0.3000000000,389.8203592814,-1.2000000000,-4.7000000000,-4.7000000000,765.9730413666,12.0000000000,0.3000000000,0.3000000000,0.3000000000,0.1000000000,0.0000000000,98.5000000000,1.3000000000,0.0000000000,2.0000000000,1.5000000000,1.0000000000,0.8000000000,0.5000000000,433.0192220148,470.6730674074,433.3722268154,649.0581599548,0.8220948411,261.9160061864,284.6913110722,262.1295246697,392.5893179685,0.9671704013,0.3000000000,0.6000000000,1.4000000000,1.9000000000,2.3000000000,2.8000000000,3.3000000000,0.0000000000,100.0000000000,10.0000000000,90.0000000000,20.0000000000,80.0000000000,70.0000000000,30.0000000000,100.0000000000,0.0000000000,11266.4307870825,1.4900000000,0.4000000000,0.2000000000,0.2000000000,0.1786998652,0.1805175268,0.7626347722,0.1687531039,2.0387451772,64.5972215008,,,31.0237793690,,,,,,,1.1283903621,0.2804757147,261.1347600000,96.5000000000,63.2160000000,233.3594949073,157.4078400000,,256.2080801178,165.1766400000,,0.0000000000,6.5850000000,1.3170000000,38.0000000000,225.8391600000,0.2000000000,175.0812400000,60.4000000000,42.3840000000,156.4589476106,105.5361600000,,159.2494506665,102.6676800000,,0.0000000000,4.4150000000,0.8830000000,27.0000000000,151.4168400000,0.2000000000,0.3000000000,0.7000000000,1.2000000000,1.2000000000,3.0000000000,5.8792460662,18.0000000000,105.8264291910,1.2000000000,1.2000000000,1.2000000000,5.8792460662,18.0000000000,3991.7604790419,1.2000000000,1.2000000000,1.2000000000,1179.7241708683,179.9000000000,3787.2046706587,,50.0000000000,1.2000000000,1.2000000000,1.2000000000,2.0000000000,1.5000000000,0.7000000000,0.7000000000,0.5000000000,69.5518515328,,,7766.1160958084,1.1000000000,0.8000000000,0.8000000000,2.0000000000,2.0000000000,1.0000000000,1.0000000000,0.5000000000,273.0019103075,500.0000000000,1.3000000000,0.4000000000,0.4000000000,2.0000000000,1.5000000000,0.5000000000,1.0000000000,0.5000000000,557.2483040744,29.0000000000,0.7000000000,0.5000000000,0.5000000000,2.0000000000,1.0000000000,0.5000000000,0.7000000000,0.2000000000,0.0000000000,0.0000000000,0.0000000000
Greece,-0.6000000000,-0.5000000000,-0.5000000000,542.2500000000,-6.0000000000,-7.5000000000,-7.5000000000,1950.6284309645,12.0000000000,0.2000000000,0.2000000000,0.2000000000,0.0000000000,0.0000000000,96.1000000000,3.9000000000,0.0000000000,2.0000000000,1.5000000000,1.0000000000,0.8000000000,0.5000000000,433.0192220148,470.6730674074,433.3722268154,649.0581599548,0.8220948411,261.9160061864,284.6913110722,262.1295246697,392.5893179685,0.9671704013,0.2000000000,0.5000000000,1.0000000000,1.4000000000,1.7000000000,2.1000000000,2.3000000000,0.0000000000,100.0000000000,10.0000000000,90.0000000000,20.0000000000,80.0000000000,70.0000000000,30.0000000000,100.0000000000,0.0000000000,9834.5134190144,1.5000000000,0.2000000000,0.2000000000,0.2000000000,0.1771902011,0.1853893489,,0.1000000000,,91.1000000000,0.5000000000,,8.1000000000,,,,,,,,,261.1347600000,96.5000000000,63.2160000000,233.3594949073,157.4078400000,,256.2080801178,165.1766400000,,0.0000000000,6.5850000000,1.3170000000,38.0000000000,225.8391600000,0.2000000000,175.0812400000,60.4000000000,42.3840000000,156.4589476106,105.5361600000,,159.2494506665,102.6676800000,,0.0000000000,4.4150000000,0.8830000000,27.0000000000,151.4168400000,0.2000000000,0.3000000000,0.7000000000,1.2000000000,1.2000000000,3.0000000000,4.3907240591,18.0000000000,79.0330330646,1.4000000000,1.3000000000,1.3000000000,4.3907240591,18.0000000000,6094.8900000000,1.4000000000,1.3000000000,1.3000000000,103.3461402042,179.9000000000,4750.5600000000,,50.0000000000,1.4000000000,1.3000000000,1.3000000000,2.0000000000,1.5000000000,0.7000000000,0.7000000000,0.5000000000,6.0124328777,,,8612.8627500000,0.9000000000,0.8000000000,0.8000000000,2.0000000000,2.0000000000,1.0000000000,1.0000000000,0.5000000000,233.3236071650,500.0000000000,0.7000000000,0.5000000000,0.5000000000,2.0000000000,1.5000000000,0.5000000000,1.0000000000,0.5000000000,,29.0000000000,0.7000000000,1.2000000000,1.2000000000,2.0000000000,1.0000000000,0.5000000000,0.7000000000,0.2000000000,0.0000000000,0.0000000000,0.0000000000
Hungary,-0.1000000000,-0.2000000000,-0.2000000000,286.4236111111,-9.4000000000,-0.9000000000,-0.9000000000,1985.8601373211,12.0000000000,0.8000000000,0.7000000000,0.7000000000,0.4000000000,0.0000000000,98.3000000000,1.3000000000,0.0000000000,2.0000000000,1.5000000000,1.0000000000,0.8000000000,0.5000000000,433.0192220148,470.6730674074,433.3722268154,649.0581599548,0.8220948411,261.9160061864,284.6913110722,262.1295246697,392.5893179685,0.9671704013,0.1000000000,0.2000000000,0.4000000000,0.6000000000,0.8000000000,1.1000000000,1.3000000000,0.0000000000,100.0000000000,10.0000000000,90.0000000000,20.0000000000,80.0000000000,70.0000000000,30.0000000000,100.0000000000,0.0000000000,6743.9187866940,1.8400000000,1.2000000000,1.1000000000,1.1000000000,0.1699201995,0.1770922534,0.0004936568,0.0282683456,2.1639314617,65.7231759902,0.0000000000,0.0000000000,31.1563676007,0.0000000000,0.0000000000,0.0000000000,0.0000000000,0.0000000000,0.7519431889,0.0044688929,0.1713508632,261.1347600000,96.5000000000,63.2160000000,233.3594949073,157.4078400000,,256.2080801178,165.1766400000,,0.0000000000,6.5850000000,1.3170000000,38.0000000000,225.8391600000,0.2000000000,175.0812400000,60.4000000000,42.3840000000,156.4589476106,105.5361600000,,159.2494506665,102.6676800000,,0.0000000000,4.4150000000,0.8830000000,27.0000000000,151.4168400000,0.2000000000,0.3000000000,0.7000000000,1.2000000000,1.2000000000,3.0000000000,7.7294883581,18.0000000000,139.1307904450,2.1000000000,1.6000000000,1.6000000000,7.7294883581,18.0000000000,3505.8250000000,2.1000000000,1.6000000000,1.6000000000,798.4977964749,179.9000000000,3330.7749997316,,70.2440001414,2.1000000000,1.6000000000,1.6000000000,2.0000000000,1.5000000000,0.7000000000,0.7000000000,0.5000000000,92.6221398919,,,5568.3480577730,2.4000000000,1.4000000000,1.4000000000,2.0000000000,2.0000000000,1.0000000000,1.0000000000,0.5000000000,236.3067239886,500.0000000000,1.5000000000,0.9000000000,0.9000000000,2.0000000000,1.5000000000,0.5000000000,1.0000000000,0.5000000000,205.3280048078,29.0000000000,1.7000000000,1.0000000000,1.0000000000,2.0000000000,1.0000000000,0.5000000000,0.7000000000,0.2000000000,0.0000000000,0.0000000000,0.0000000000
Iceland,0.1000000000,0.1000000000,0.1000000000,0.0000000000,-3.5000000000,-4.5000000000,-4.5000000000,2536.3380231692,12.0000000000,0.6000000000,0.5000000000,0.5000000000,1.3000000000,0.0000000000,93.6000000000,5.2000000000,0.0000000000,2.0000000000,1.5000000000,1.0000000000,0.8000000000,0.5000000000,433.0192220148,470.6730674074,433.3722268154,649.0581599548,0.8220948411,261.9160061864,284.6913110722,262.1295246697,392.5893179685,0.9671704013,0.2000000000,0.4000000000,0.9000000000,1.2000000000,1.5000000000,1.9000000000,2.3000000000,0.0000000000,100.0000000000,10.0000000000,90.0000000000,20.0000000000,80.0000000000,70.0000000000,30.0000000000,100.0000000000,0.0000000000,16080.5781381099,2.0600000000,0.8000000000,0.5000000000,0.5000000000,0.1915692309,0.1807891791,0.0000000000,0.0000000000,8.6000000000,33.7000000000,3.5000000000,3.5000000000,41.9000000000,0.1000000000,0.2000000000,0.0000000000,0.0000000000,0.0000000000,0.0000000000,0.0000000000,8.5000000000,261.1347600000,96.5000000000,63.2160000000,233.3594949073,157.4078400000,,256.2080801178,165.1766400000,,0.0000000000,6.5850000000,1.3170000000,38.0000000000,225.8391600000,0.2000000000,175.0812400000,60.4000000000,42.3840000000,156.4589476106,105.5361600000,,159.2494506665,102.6676800000,,0.0000000000,4.4150000000,0.8830000000,27.0000000000,151.4168400000,0.2000000000,0.3000000000,0.7000000000,1.2000000000,1.2000000000,3.0000000000,0.0000000000,18.0000000000,0.0000000000,0.0000000000,0.0000000000,0.0000000000,0.0000000000,18.0000000000,0.0000000000,0.0000000000,0.0000000000,0.0000000000,0.0000000000,179.9000000000,1323.5400000000,,50.0000000000,0.0000000000,0.0000000000,0.0000000000,2.0000000000,1.5000000000,0.7000000000,0.7000000000,0.5000000000,0.0000000000,,,5600.6640000000,0.0000000000,0.0000000000,0.0000000000,2.0000000000,2.0000000000,1.0000000000,1.0000000000,0.5000000000,,500.0000000000,1.5000000000,0.7000000000,0.7000000000,2.0000000000,1.5000000000,0.5000000000,1.0000000000,0.5000000000,,29.0000000000,1.0000000000,0.7000000000,0.7000000000,2.0000000000,1.0000000000,0.5000000000,0.7000000000,0.2000000000,0.0000000000,0.0000000000,0.0000000000
Ireland,0.0000000000,0.4000000000,0.4000000000,364.0869565217,-1.5000000000,-3.8000000000,-3.8000000000,2124.3106214375,12.0000000000,0.7000000000,0.7000000000,0.7000000000,0.1000000000,0.0000000000,99.9000000000,0.0000000000,0.0000000000,2.0000000000,1.5000000000,1.0000000000,0.8000000000,0.5000000000,433.0192220148,470.6730674074,433.3722268154,649.0581599548,0.8220948411,261.9160061864,284.6913110722,262.1295246697,392.5893179685,0.9671704013,0.2000000000,0.3000000000,0.7000000000,1.0000000000,1.3000000000,1.6000000000,1.9000000000,0.0000000000,100.0000000000,10.0000000000,90.0000000000,20.0000000000,80.0000000000,70.0000000000,30.0000000000,100.0000000000,0.0000000000,11785.6267249368,1.5000000000,1.8000000000,0.8000000000,0.8000000000,0.1645888264,0.1724143590,,,3.1069255413,38.1018727558,,,55.6842761616,,,,,,,2.7375346707,0.3693908706,261.1347600000,96.5000000000,63.2160000000,233.3594949073,157.4078400000,,256.2080801178,165.1766400000,,0.0000000000,6.5850000000,1.3170000000,38.0000000000,225.8391600000,0.2000000000,175.0812400000,60.4000000000,42.3840000000,156.4589476106,105.5361600000,,159.2494506665,102.6676800000,,0.0000000000,4.4150000000,0.8830000000,27.0000000000,151.4168400000,0.2000000000,0.3000000000,0.7000000000,1.2000000000,1.2000000000,3.0000000000,0.0000000000,18.0000000000,0.0000000000,0.8000000000,0.6000000000,0.6000000000,0.8629597075,18.0000000000,5184.5982608696,0.8000000000,0.6000000000,0.6000000000,455.5706746700,179.9000000000,3624.5695652174,,50.0000000000,0.8000000000,0.6000000000,0.6000000000,2.0000000000,1.5000000000,0.7000000000,0.7000000000,0.5000000000,2.4643245884,,,7623.1670434783,1.4000000000,1.1000000000,1.1000000000,2.0000000000,2.0000000000,1.0000000000,1.0000000000,0.5000000000,417.5787586228,500.0000000000,2.5000000000,1.3000000000,1.3000000000,2.0000000000,1.5000000000,0.5000000000,1.0000000000,0.5000000000,,29.0000000000,1.6000000000,1.2000000000,1.2000000000,2.0000000000,1.0000000000,0.5000000000,0.7000000000,0.2000000000,0.0000000000,0.0000000000,0.0000000000
Italy,0.3000000000,0.2000000000,0.2000000000,308.9597069597,-2.7000000000,-3.9000000000,-3.9000000000,1762.0233173516,12.0000000000,0.4000000000,0.5000000000,0.5000000000,0.5000000000,0.3000000000,94.5000000000,4.7000000000,0.0000000000,2.0000000000,1.5000000000,1.0000000000,0.8000000000,0.5000000000,433.0192220148,470.6730674074,433.3722268154,649.0581599548,0.8220948411,261.9160061864,284.6913110722,262.1295246697,392.5893179685,0.9671704013,0.1000000000,0.2000000000,0.5000000000,0.8000000000,1.2000000000,1.4000000000,1.6000000000,0.0000000000,100.0000000000,10.0000000000,90.0000000000,20.0000000000,80.0000000000,70.0000000000,30.0000000000,100.0000000000,0.0000000000,12444.7946011288,1.7100000000,0.6000000000,0.4000000000,0.4000000000,0.1766203186,0.1748362399,5.9709143587,2.2390520043,8.2770516398,42.1543579730,0.7334290460,,40.5155270303,0.0425826711,,,,,,0.0143689552,0.0527163217,261.1347600000,96.5000000000,63.2160000000,233.3594949073,157.4078400000,,256.2080801178,165.1766400000,,0.0000000000,6.5850000000,1.3170000000,38.0000000000,225.8391600000,0.2000000000,175.0812400000,60.4000000000,42.3840000000,156.4589476106,105.5361600000,,159.2494506665,102.6676800000,,0.0000000000,4.4150000000,0.8830000000,27.0000000000,151.4168400000,0.2000000000,0.3000000000,0.7000000000,1.2000000000,1.2000000000,3.0000000000,3.2180607021,18.0000000000,57.9250926371,1.4000000000,0.9000000000,0.9000000000,3.2180607021,18.0000000000,4708.5459340659,1.4000000000,0.9000000000,0.9000000000,936.4711334921,179.9000000000,3276.1653479854,,50.0000000000,1.4000000000,0.9000000000,0.9000000000,2.0000000000,1.5000000000,0.7000000000,0.7000000000,0.5000000000,,,,7316.9351721612,1.2000000000,0.7000000000,0.7000000000,2.0000000000,2.0000000000,1.0000000000,1.0000000000,0.5000000000,,500.0000000000,1.1000000000,0.7000000000,0.7000000000,2.0000000000,1.5000000000,0.5000000000,1.0000000000,0.5000000000,,29.0000000000,0.9000000000,0.7000000000,0.7000000000,2.0000000000,1.0000000000,0.5000000000,0.7000000000,0.2000000000,0.0000000000,0.0000000000,0.0000000000
Latvia,-1.4000000000,-0.6000000000,-0.6000000000,1357.1428571429,1.6000000000,-2.1000000000,-2.1000000000,1161.7265276536,12.0000000000,0.6000000000,0.4000000000,0.4000000000,0.5000000000,0.0000000000,99.4000000000,0.2000000000,0.0000000000,2.0000000000,1.5000000000,1.0000000000,0.8000000000,0.5000000000,433.0192220148,470.6730674074,433.3722268154,649.0581599548,0.8220948411,261.9160061864,284.6913110722,262.1295246697,392.5893179685,0.9671704013,0.1000000000,0.2000000000,0.7000000000,1.2000000000,1.5000000000,1.7000000000,1.8000000000,0.0000000000,100.0000000000,10.0000000000,90.0000000000,20.0000000000,80.0000000000,70.0000000000,30.0000000000,100.0000000000,0.0000000000,8228.6259277476,1.4300000000,0.7000000000,0.4000000000,0.4000000000,0.1948835637,0.1850412600,2.6202622968,0.0283424802,6.3198577723,29.6959624849,0.0143000696,0.0000000000,57.6470588235,0.0029630775,0.0000000000,0.0000000000,0.0000000000,0.0000000000,0.0000000000,3.5864832135,0.0847697818,261.1347600000,96.5000000000,63.2160000000,233.3594949073,157.4078400000,,256.2080801178,165.1766400000,,0.0000000000,6.5850000000,1.3170000000,38.0000000000,225.8391600000,0.2000000000,175.0812400000,60.4000000000,42.3840000000,156.4589476106,105.5361600000,,159.2494506665,102.6676800000,,0.0000000000,4.4150000000,0.8830000000,27.0000000000,151.4168400000,0.2000000000,0.3000000000,0.7000000000,1.2000000000,1.2000000000,3.0000000000,0.0000000000,18.0000000000,0.0000000000,2.6000000000,1.4000000000,1.4000000000,3.7192308214,18.0000000000,22040.0000000000,2.6000000000,1.4000000000,1.4000000000,329.5966719187,179.9000000000,11355.8510711284,,60.0306581615,2.6000000000,1.4000000000,1.4000000000,2.0000000000,1.5000000000,0.7000000000,0.7000000000,0.5000000000,502.7733756626,,,13528.4339582795,2.3000000000,1.2000000000,1.2000000000,2.0000000000,2.0000000000,1.0000000000,1.0000000000,0.5000000000,179.4611838796,500.0000000000,1.8000000000,1.1000000000,1.1000000000,2.0000000000,1.5000000000,0.5000000000,1.0000000000,0.5000000000,,29.0000000000,1.5000000000,1.0000000000,1.0000000000,2.0000000000,1.0000000000,0.5000000000,0.7000000000,0.2000000000,0.0000000000,0.0000000000,0.0000000000
Liechtenstein,0.1000000000,0.1000000000,0.1000000000,0.0000000000,-3.5000000000,-4.5000000000,-4.5000000000,1935.7159196896,12.0000000000,0.6000000000,0.5000000000,0.5000000000,0.1000000000,0.0000000000,98.5000000000,1.3000000000,0.0000000000,2.0000000000,1.5000000000,1.0000000000,0.8000000000,0.5000000000,433.0192220148,470.6730674074,433.3722268154,649.0581599548,0.8220948411,261.9160061864,284.6913110722,262.1295246697,392.5893179685,0.9671704013,0.2000000000,0.4000000000,0.9000000000,1.2000000000,1.5000000000,1.9000000000,2.3000000000,0.0000000000,100.0000000000,10.0000000000,90.0000000000,20.0000000000,80.0000000000,70.0000000000,30.0000000000,100.0000000000,0.0000000000,,1.4900000000,0.8000000000,0.5000000000,0.5000000000,0.2033410148,0.1848632647,0.0000000000,0.1076461378,1.3276356994,62.6141701461,2.0942066806,,32.5058716075,0.1272181628,,0.0000000000,0.0000000000,0.0000000000,0.2152922756,0.0032620042,1.0046972860,261.1347600000,96.5000000000,63.2160000000,233.3594949073,157.4078400000,,256.2080801178,165.1766400000,,0.0000000000,6.5850000000,1.3170000000,38.0000000000,225.8391600000,0.2000000000,175.0812400000,60.4000000000,42.3840000000,156.4589476106,105.5361600000,,159.2494506665,102.6676800000,,0.0000000000,4.4150000000,0.8830000000,27.0000000000,151.4168400000,0.2000000000,0.3000000000,0.7000000000,1.2000000000,1.2000000000,3.0000000000,0.0000000000,0.0000000000,0.0000000000,1.6000000000,1.2000000000,1.2000000000,0.0000000000,18.0000000000,0.0000000000,1.6000000000,1.2000000000,1.2000000000,0.0000000000,179.9000000000,1323.5400000000,,50.0000000000,1.6000000000,1.2000000000,1.2000000000,2.0000000000,1.5000000000,0.7000000000,0.7000000000,0.5000000000,,,,0.0000000000,1.9000000000,1.1000000000,1.1000000000,2.0000000000,2.0000000000,1.0000000000,1.0000000000,0.5000000000,,500.0000000000,1.5000000000,0.7000000000,0.7000000000,2.0000000000,1.5000000000,0.5000000000,1.0000000000,0.5000000000,,29.0000000000,1.0000000000,0.7000000000,0.7000000000,2.0000000000,1.0000000000,0.5000000000,0.7000000000,0.2000000000,0.0000000000,0.0000000000,0.0000000000
Lithuania,-1.8000000000,-0.7000000000,-0.7000000000,134.6715686275,-5.4000000000,-1.4000000000,-1.4000000000,1031.8215536907,12.0000000000,0.2000000000,0.3000000000,0.3000000000,0.4000000000,1.0000000000,95.9000000000,2.6000000000,0.0000000000,2.0000000000,1.5000000000,1.0000000000,0.8000000000,0.5000000000,433.0192220148,470.6730674074,433.3722268154,649.0581599548,0.8220948411,261.9160061864,284.6913110722,262.1295246697,392.5893179685,0.9671704013,0.0000000000,0.1000000000,0.3000000000,0.5000000000,0.6000000000,0.7000000000,0.8000000000,0.0000000000,100.0000000000,10.0000000000,90.0000000000,20.0000000000,80.0000000000,70.0000000000,30.0000000000,100.0000000000,0.0000000000,11001.2364876584,2.0000000000,0.7000000000,0.1000000000,0.1000000000,0.1948835637,0.1850412600,0.0036565994,0.0026649793,7.1169200773,21.4845669812,0.0000000000,1.2995182585,62.9814548432,0.0000000000,0.0006197626,0.0000000000,0.0000000000,0.0000000000,0.0000000000,7.0241416133,0.0864568853,261.1347600000,96.5000000000,63.2160000000,233.3594949073,157.4078400000,,256.2080801178,165.1766400000,,0.0000000000,6.5850000000,1.3170000000,38.0000000000,225.8391600000,0.2000000000,175.0812400000,60.4000000000,42.3840000000,156.4589476106,105.5361600000,,159.2494506665,102.6676800000,,0.0000000000,4.4150000000,0.8830000000,27.0000000000,151.4168400000,0.2000000000,0.3000000000,0.7000000000,1.2000000000,1.2000000000,3.0000000000,0.0000000000,18.0000000000,0.0000000000,1.2000000000,0.9000000000,0.9000000000,0.0000000000,18.0000000000,2456.4094117647,1.2000000000,0.9000000000,0.9000000000,126.6239340697,179.9000000000,2413.7515009997,,24.6952531192,1.2000000000,0.9000000000,0.9000000000,2.0000000000,1.5000000000,0.7000000000,0.7000000000,0.5000000000,962.5030000751,,,8804.6223532871,1.3000000000,1.3000000000,1.3000000000,2.0000000000,2.0000000000,1.0000000000,1.0000000000,0.5000000000,463.6791631946,500.0000000000,0.6000000000,0.7000000000,0.7000000000,2.0000000000,1.5000000000,0.5000000000,1.0000000000,0.5000000000,,29.0000000000,0.6000000000,0.9000000000,0.9000000000,2.0000000000,1.0000000000,0.5000000000,0.7000000000,0.2000000000,0.0000000000,0.0000000000,0.0000000000
Luxembourg,2.2000000000,1.4000000000,1.4000000000,204.6134020619,0.9000000000,0.0000000000,0.0000000000,1935.7159196896,12.0000000000,1.5000000000,1.2000000000,1.2000000000,0.1000000000,0.0000000000,99.9000000000,0.0000000000,0.0000000000,2.0000000000,1.5000000000,1.0000000000,0.8000000000,0.5000000000,433.0192220148,470.6730674074,433.3722268154,649.0581599548,0.8220948411,261.9160061864,284.6913110722,262.1295246697,392.5893179685,0.9671704013,0.1000000000,0.2000000000,0.5000000000,0.4000000000,0.6000000000,0.9000000000,1.0000000000,0.0000000000,100.0000000000,10.0000000000,90.0000000000,20.0000000000,80.0000000000,70.0000000000,30.0000000000,100.0000000000,0.0000000000,12765.4988910729,1.5100000000,2.0000000000,1.6000000000,1.6000000000,0.1925750650,0.1819335890,0.0677187338,0.0284280009,1.4717846313,40.9793099623,1.1627745729,,54.9240533245,,,,,,,0.8586180756,0.5073126988,261.1347600000,96.5000000000,63.2160000000,233.3594949073,157.4078400000,,256.2080801178,165.1766400000,,0.0000000000,6.5850000000,1.3170000000,38.0000000000,225.8391600000,0.2000000000,175.0812400000,60.4000000000,42.3840000000,156.4589476106,105.5361600000,,159.2494506665,102.6676800000,,0.0000000000,4.4150000000,0.8830000000,27.0000000000,151.4168400000,0.2000000000,0.3000000000,0.7000000000,1.2000000000,1.2000000000,3.0000000000,0.0000000000,18.0000000000,0.0000000000,2.5000000000,1.7000000000,1.7000000000,16.8050457150,18.0000000000,3936.7618556701,2.5000000000,1.7000000000,1.7000000000,697.9345548501,179.9000000000,2616.6967010309,,50.0000000000,2.5000000000,1.7000000000,1.7000000000,2.0000000000,1.5000000000,0.7000000000,0.7000000000,0.5000000000,67.4475157626,,,6737.2914484537,3.2000000000,2.7000000000,2.7000000000,2.0000000000,2.0000000000,1.0000000000,1.0000000000,0.5000000000,835.6537173286,500.0000000000,1.6000000000,1.4000000000,1.4000000000,2.0000000000,1.5000000000,0.5000000000,1.0000000000,0.5000000000,316.6700801916,29.0000000000,1.6000000000,1.3000000000,1.3000000000,2.0000000000,1.0000000000,0.5000000000,0.7000000000,0.2000000000,0.0000000000,0.0000000000,0.0000000000
Malta,0.4000000000,0.1000000000,0.1000000000,443.4418604651,-1.2000000000,-0.5000000000,-0.5000000000,1115.0423678963,12.0000000000,0.3000000000,0.1000000000,0.1000000000,0.6000000000,0.0000000000,99.4000000000,0.0000000000,0.0000000000,2.0000000000,1.5000000000,1.0000000000,0.8000000000,0.5000000000,433.0192220148,470.6730674074,433.3722268154,649.0581599548,0.8220948411,261.9160061864,284.6913110722,262.1295246697,392.5893179685,0.9671704013,0.1000000000,0.2000000000,0.5000000000,0.8000000000,1.0000000000,1.4000000000,1.7000000000,0.0000000000,100.0000000000,10.0000000000,90.0000000000,20.0000000000,80.0000000000,70.0000000000,30.0000000000,100.0000000000,0.0000000000,5270.8573058485,1.5100000000,0.4000000000,0.3000000000,0.3000000000,0.1626821320,0.1743212771,0.0016147367,0.0000000000,0.8131814189,66.1993618560,0.6923991112,0.0881646256,31.3762724125,0.0174391567,0.0000000000,0.0000000000,0.0000000000,0.0000000000,0.4941094404,0.0000000000,0.3174572418,261.1347600000,96.5000000000,63.2160000000,233.3594949073,157.4078400000,,256.2080801178,165.1766400000,,0.0000000000,6.5850000000,1.3170000000,38.0000000000,225.8391600000,0.2000000000,175.0812400000,60.4000000000,42.3840000000,156.4589476106,105.5361600000,,159.2494506665,102.6676800000,,0.0000000000,4.4150000000,0.8830000000,27.0000000000,151.4168400000,0.2000000000,0.3000000000,0.7000000000,1.2000000000,1.2000000000,3.0000000000,0.0000000000,18.0000000000,0.0000000000,0.0000000000,0.0000000000,0.0000000000,0.0000000000,18.0000000000,8975.2632558140,0.0000000000,0.0000000000,0.0000000000,0.0000000000,179.9000000000,4126.0925581395,,50.0000000000,0.0000000000,0.0000000000,0.0000000000,2.0000000000,1.5000000000,0.7000000000,0.7000000000,0.5000000000,0.0000000000,,,8063.9835348838,0.0000000000,0.0000000000,0.0000000000,2.0000000000,2.0000000000,1.0000000000,1.0000000000,0.5000000000,,500.0000000000,1.6000000000,1.5000000000,1.5000000000,2.0000000000,1.5000000000,0.5000000000,1.0000000000,0.5000000000,,29.0000000000,0.0000000000,0.0000000000,0.0000000000,2.0000000000,1.0000000000,0.5000000000,0.7000000000,0.2000000000,0.0000000000,0.0000000000,0.0000000000
Netherlands,0.2000000000,-0.1000000000,-0.1000000000,408.1779661017,-1.1000000000,-2.2000000000,-2.2000000000,308.4642846700,12.0000000000,0.7000000000,0.6000000000,0.6000000000,1.3000000000,0.0000000000,92.1000000000,6.6000000000,0.0000000000,2.0000000000,1.5000000000,1.0000000000,0.8000000000,0.5000000000,433.0192220148,470.6730674074,433.3722268154,649.0581599548,0.8220948411,261.9160061864,284.6913110722,262.1295246697,392.5893179685,0.9671704013,0.4000000000,0.7000000000,1.1000000000,1.5000000000,1.9000000000,2.3000000000,2.6000000000,0.0000000000,100.0000000000,10.0000000000,90.0000000000,20.0000000000,80.0000000000,70.0000000000,30.0000000000,100.0000000000,0.0000000000,8446.9117123571,1.3300000000,0.6000000000,0.4000000000,0.4000000000,0.1742400444,0.1768532894,1.2907215010,0.1100668289,2.6350627140,78.0259486195,2.2243709501,0.8706050545,13.3868191550,0.0718519849,0.1502788079,0.0002019575,0.0385065603,0.0000000000,0.0000000000,0.0000000000,1.1955658664,261.1347600000,96.5000000000,63.2160000000,233.3594949073,157.4078400000,,256.2080801178,165.1766400000,,0.0000000000,6.5850000000,1.3170000000,38.0000000000,225.8391600000,0.2000000000,175.0812400000,60.4000000000,42.3840000000,156.4589476106,105.5361600000,,159.2494506665,102.6676800000,,0.0000000000,4.4150000000,0.8830000000,27.0000000000,151.4168400000,0.2000000000,0.3000000000,0.7000000000,1.2000000000,1.2000000000,3.0000000000,1.6547055773,18.0000000000,29.7847003920,1.3000000000,0.9000000000,0.9000000000,1.6547055773,18.0000000000,8669.7000000000,1.3000000000,0.9000000000,0.9000000000,1081.2332639883,179.9000000000,3903.2247457627,,50.0000000000,1.3000000000,0.9000000000,0.9000000000,2.0000000000,1.5000000000,0.7000000000,0.7000000000,0.5000000000,26.9452708062,,,7868.0926016950,1.5000000000,0.8000000000,0.8000000000,2.0000000000,2.0000000000,1.0000000000,1.0000000000,0.5000000000,216.2014091425,500.0000000000,1.0000000000,0.5000000000,0.5000000000,2.0000000000,1.5000000000,0.5000000000,1.0000000000,0.5000000000,2585.5752209604,29.0000000000,1.0000000000,0.5000000000,0.5000000000,2.0000000000,1.0000000000,0.5000000000,0.7000000000,0.2000000000,0.0000000000,0.0000000000,0.0000000000
Norway,0.1000000000,0.1000000000,0.1000000000,0.0000000000,-3.5000000000,-4.5000000000,-4.5000000000,827.5690415848,12.0000000000,0.6000000000,0.5000000000,0.5000000000,1.3000000000,0.0000000000,93.6000000000,5.2000000000,0.0000000000,2.0000000000,1.5000000000,1.0000000000,0.8000000000,0.5000000000,433.0192220148,470.6730674074,433.3722268154,649.0581599548,0.8220948411,261.9160061864,284.6913110722,262.1295246697,392.5893179685,0.9671704013,0.2000000000,0.4000000000,0.9000000000,1.2000000000,1.5000000000,1.9000000000,2.3000000000,0.0000000000,100.0000000000,10.0000000000,90.0000000000,20.0000000000,80.0000000000,70.0000000000,30.0000000000,100.0000000000,0.0000000000,12671.3932276422,1.7000000000,0.8000000000,0.5000000000,0.5000000000,0.1915692309,0.1807891791,0.0000000000,0.0076062111,8.5554531963,33.6674081362,3.5262459986,3.5440047061,41.8521483139,0.0555938949,0.2436925576,0.0048640577,0.0000000000,0.0000000000,0.0000000000,0.0328731956,8.5101097318,261.1347600000,96.5000000000,63.2160000000,233.3594949073,157.4078400000,,256.2080801178,165.1766400000,,0.0000000000,6.5850000000,1.3170000000,38.0000000000,225.8391600000,0.2000000000,175.0812400000,60.4000000000,42.3840000000,156.4589476106,105.5361600000,,159.2494506665,102.6676800000,,0.0000000000,4.4150000000,0.8830000000,27.0000000000,151.4168400000,0.2000000000,0.3000000000,0.7000000000,1.2000000000,1.2000000000,3.0000000000,5.1316588916,18.0000000000,92.3698600485,1.6000000000,1.2000000000,1.2000000000,5.1316588916,18.0000000000,0.0000000000,1.6000000000,1.2000000000,1.2000000000,697.2255098844,179.9000000000,1323.5400000000,,50.0000000000,1.6000000000,1.2000000000,1.2000000000,2.0000000000,1.5000000000,0.7000000000,0.7000000000,0.5000000000,,,,5600.6640000000,1.9000000000,1.1000000000,1.1000000000,2.0000000000,2.0000000000,1.0000000000,1.0000000000,0.5000000000,,500.0000000000,1.5000000000,0.7000000000,0.7000000000,2.0000000000,1.5000000000,0.5000000000,1.0000000000,0.5000000000,,29.0000000000,1.0000000000,0.7000000000,0.7000000000,2.0000000000,1.0000000000,0.5000000000,0.7000000000,0.2000000000,0.0000000000,0.0000000000,0.0000000000
Poland,-0.2000000000,-0.4000000000,-0.4000000000,794.7562425684,-1.6000000000,-7.6000000000,-7.6000000000,940.5552871574,12.0000000000,0.8000000000,0.3000000000,0.3,4.0000000000,0.8000000000,94.5000000000,0.8000000000,0.0000000000,2.0000000000,1.5000000000,1.0000000000,0.8000000000,0.5000000000,433.0192220148,470.6730674074,433.3722268154,649.0581599548,0.8220948411,261.9160061864,284.6913110722,262.1295246697,392.5893179685,0.9671704013,0.0000000000,0.1000000000,0.2000000000,0.4000000000,0.6000000000,0.9000000000,1.2000000000,0.0000000000,100.0000000000,10.0000000000,90.0000000000,20.0000000000,80.0000000000,70.0000000000,30.0000000000,100.0000000000,0.0000000000,5777.7793226071,1.9700000000,1.5000000000,0.9000000000,0.9000000000,0.1735544527,0.1752049161,11.7638432916,0.0197264612,13.8817440369,45.2082092623,0.0804896178,,26.9383104067,0.0095026394,,0.0000035352,0.0006504783,0.0004843235,0.0000000000,2.0786670060,0.0183689412,261.1347600000,96.5000000000,63.2160000000,233.3594949073,157.4078400000,,256.2080801178,165.1766400000,,0.0000000000,6.5850000000,1.3170000000,38.0000000000,225.8391600000,0.2000000000,175.0812400000,60.4000000000,42.3840000000,156.4589476106,105.5361600000,,159.2494506665,102.6676800000,,0.0000000000,4.4150000000,0.8830000000,27.0000000000,151.4168400000,0.2000000000,0.3000000000,0.7000000000,1.2000000000,1.2000000000,3.0000000000,3.1949396730,18.0000000000,57.5089141135,3.9000000000,1.1000000000,1.1000000000,3.1949396730,18.0000000000,18470.1350772889,3.9000000000,1.1000000000,1.1000000000,556.1046364666,179.9000000000,8943.4016291840,,85.1010802004,3.9000000000,1.1000000000,1.1000000000,2.0000000000,1.5000000000,0.7000000000,0.7000000000,0.5000000000,195.3843386505,,,9183.0825726675,2.4000000000,0.9000000000,0.9000000000,2.0000000000,2.0000000000,1.0000000000,1.0000000000,0.5000000000,624.7657346056,500.0000000000,2.3000000000,1.1000000000,1.1000000000,2.0000000000,1.5000000000,0.5000000000,1.0000000000,0.5000000000,2.0348836672,29.0000000000,2.8000000000,1.4000000000,1.4000000000,2.0000000000,1.0000000000,0.5000000000,0.7000000000,0.2000000000,0.0000000000,0.0000000000,0.0000000000
Portugal,-0.4000000000,-0.4000000000,-0.5000000000,272.6415094340,-9.5000000000,-5.8000000000,-5.8000000000,786.6892019927,12.0000000000,1.2000000000,0.9000000000,0.9000000000,0.1000000000,0.0000000000,97.3000000000,2.6000000000,0.0000000000,2.0000000000,1.5000000000,1.0000000000,0.8000000000,0.5000000000,433.0192220148,470.6730674074,433.3722268154,649.0581599548,0.8220948411,261.9160061864,284.6913110722,262.1295246697,392.5893179685,0.9671704013,0.1000000000,0.2000000000,0.4000000000,0.8000000000,1.2000000000,1.8000000000,2.3000000000,0.0000000000,100.0000000000,10.0000000000,90.0000000000,20.0000000000,80.0000000000,70.0000000000,30.0000000000,100.0000000000,0.0000000000,9512.6067031102,1.5000000000,1.2000000000,0.6000000000,0.6000000000,0.1627777717,0.1732856148,1.0389010861,0.0015375852,1.3753247244,40.9694094714,0.6467987748,0.2682272131,55.0803894758,0.2357208534,0.0488047627,0.0000000000,0.0005245879,0.0000000000,0.0062046085,0.0000361785,0.3281206784,261.1347600000,96.5000000000,63.2160000000,233.3594949073,157.4078400000,,256.2080801178,165.1766400000,,0.0000000000,6.5850000000,1.3170000000,38.0000000000,225.8391600000,0.2000000000,175.0812400000,60.4000000000,42.3840000000,156.4589476106,105.5361600000,,159.2494506665,102.6676800000,,0.0000000000,4.4150000000,0.8830000000,27.0000000000,151.4168400000,0.2000000000,0.3000000000,0.7000000000,1.2000000000,1.2000000000,3.0000000000,3.1720593618,18.0000000000,57.0970685122,1.9000000000,1.2000000000,1.2000000000,3.1720593618,18.0000000000,6608.8301886792,1.9000000000,1.2000000000,1.2000000000,443.7646311238,179.9000000000,3326.9187271191,,85.0746268657,1.9000000000,1.2000000000,1.2000000000,2.0000000000,1.5000000000,0.7000000000,0.7000000000,0.5000000000,34.1569035648,,,4248.7905773022,2.1000000000,0.9000000000,0.9000000000,2.0000000000,2.0000000000,1.0000000000,1.0000000000,0.5000000000,225.6793024506,500.0000000000,1.4000000000,0.7000000000,0.7000000000,2.0000000000,1.5000000000,0.5000000000,1.0000000000,0.5000000000,,29.0000000000,1.0000000000,0.5000000000,0.5000000000,2.0000000000,1.0000000000,0.5000000000,0.7000000000,0.2000000000,0.0000000000,0.0000000000,0.0000000000
Romania,-0.4000000000,-0.3000000000,-0.3000000000,364.2191780822,-7.6000000000,-6.5000000000,-6.5000000000,1066.3841551632,12.0000000000,0.8000000000,0.7000000000,0.7000000000,0.2000000000,0.1000000000,99.6000000000,0.1000000000,0.0000000000,2.0000000000,1.5000000000,1.0000000000,0.8000000000,0.5000000000,433.0192220148,470.6730674074,433.3722268154,649.0581599548,0.8220948411,261.9160061864,284.6913110722,262.1295246697,392.5893179685,0.9671704013,0.0000000000,0.1000000000,0.3000000000,0.5000000000,0.8000000000,1.1000000000,1.3000000000,0.0000000000,100.0000000000,10.0000000000,90.0000000000,20.0000000000,80.0000000000,70.0000000000,30.0000000000,100.0000000000,0.0000000000,5596.0494247292,1.9800000000,2.0000000000,1.3000000000,1.3000000000,0.1700746896,0.1750023660,0.0002446632,0.0030654866,0.2215209822,52.2504125454,0.3327276239,,46.4948967564,0.4789211099,,,,,0.1778413966,0.0001007437,0.0402686921,261.1347600000,96.5000000000,63.2160000000,233.3594949073,157.4078400000,,256.2080801178,165.1766400000,,0.0000000000,6.5850000000,1.3170000000,38.0000000000,225.8391600000,0.2000000000,175.0812400000,60.4000000000,42.3840000000,156.4589476106,105.5361600000,,159.2494506665,102.6676800000,,0.0000000000,4.4150000000,0.8830000000,27.0000000000,151.4168400000,0.2000000000,0.3000000000,0.7000000000,1.2000000000,1.2000000000,3.0000000000,12.6028707033,18.0000000000,226.8516726600,1.5000000000,1.4000000000,1.4000000000,12.6028707033,18.0000000000,9192.8920547945,1.5000000000,1.4000000000,1.4000000000,290.6776594283,179.9000000000,3625.4052054795,,50.0000000000,1.5000000000,1.4000000000,1.4000000000,2.0000000000,1.5000000000,0.7000000000,0.7000000000,0.5000000000,62.4478306725,,,7623.9015342466,2.4000000000,1.7000000000,1.7000000000,2.0000000000,2.0000000000,1.0000000000,1.0000000000,0.5000000000,105.4639263917,500.0000000000,2.5000000000,1.3000000000,1.3000000000,2.0000000000,1.5000000000,0.5000000000,1.0000000000,0.5000000000,710.8233672732,29.0000000000,1.7000000000,1.2000000000,1.2000000000,2.0000000000,1.0000000000,0.5000000000,0.7000000000,0.2000000000,0.0000000000,0.0000000000,0.0000000000
Slovakia,-0.2000000000,-0.4000000000,-0.4000000000,348.1818181818,-4.8000000000,-2.8000000000,-2.8000000000,1216.2300793384,12.0000000000,2.3000000000,0.7000000000,0.7000000000,0.4000000000,0.0000000000,94.5000000000,2.5000000000,0.5000000000,2.0000000000,1.5000000000,1.0000000000,0.8000000000,0.5000000000,433.0192220148,470.6730674074,433.3722268154,649.0581599548,0.8220948411,261.9160061864,284.6913110722,262.1295246697,392.5893179685,0.9671704013,0.1000000000,0.2000000000,0.4000000000,0.6000000000,0.9000000000,1.2000000000,1.4000000000,0.0000000000,100.0000000000,10.0000000000,90.0000000000,20.0000000000,80.0000000000,70.0000000000,30.0000000000,100.0000000000,0.0000000000,5412.7575023540,1.9500000000,2.4000000000,0.8000000000,0.8000000000,0.1711108412,0.1733600000,2.0000000000,0.1000000000,,51.7000000000,0.4000000000,,44.3000000000,,,,,,,,0.1000000000,261.1347600000,96.5000000000,63.2160000000,233.3594949073,157.4078400000,,256.2080801178,165.1766400000,,0.0000000000,6.5850000000,1.3170000000,38.0000000000,225.8391600000,0.2000000000,175.0812400000,60.4000000000,42.3840000000,156.4589476106,105.5361600000,,159.2494506665,102.6676800000,,0.0000000000,4.4150000000,0.8830000000,27.0000000000,151.4168400000,0.2000000000,0.3000000000,0.7000000000,1.2000000000,1.2000000000,3.0000000000,0.0000000000,18.0000000000,0.0000000000,2.9000000000,1.1000000000,1.1000000000,2.8567385151,18.0000000000,9136.2909090909,2.9000000000,1.1000000000,1.1000000000,694.5333521619,179.9000000000,3714.8122501409,,60.8762760974,2.9000000000,1.1000000000,1.1000000000,2.0000000000,1.5000000000,0.7000000000,0.7000000000,0.5000000000,247.6001275656,,,6737.2536284221,2.8000000000,1.0000000000,1.0000000000,2.0000000000,2.0000000000,1.0000000000,1.0000000000,0.5000000000,518.0655508628,500.0000000000,1.7000000000,0.6000000000,0.6000000000,2.0000000000,1.5000000000,0.5000000000,1.0000000000,0.5000000000,152.7533796685,29.0000000000,1.4000000000,0.5000000000,0.5000000000,2.0000000000,1.0000000000,0.5000000000,0.7000000000,0.2000000000,0.0000000000,0.0000000000,0.0000000000
Slovenia,0.0000000000,0.0000000000,0.0000000000,226.9611650485,-0.9000000000,-8.9000000000,-8.9000000000,1793.1240783838,12.0000000000,0.4000000000,0.2000000000,0.2000000000,0.1000000000,0.0000000000,95.9000000000,4.0000000000,0.0000000000,2.0000000000,1.5000000000,1.0000000000,0.8000000000,0.5000000000,433.0192220148,470.6730674074,433.3722268154,649.0581599548,0.8220948411,261.9160061864,284.6913110722,262.1295246697,392.5893179685,0.9671704013,0.3000000000,0.9000000000,1.7000000000,2.1000000000,2.4000000000,2.8000000000,3.1000000000,0.0000000000,100.0000000000,10.0000000000,90.0000000000,20.0000000000,80.0000000000,70.0000000000,30.0000000000,100.0000000000,0.0000000000,13348.6462463405,1.6400000000,0.9000000000,0.6000000000,0.6000000000,0.1676230440,0.1745320870,0.8320858378,0.0230501708,1.6043932106,48.0082710430,,,48.7829425358,,,,,,,0.5805603471,0.1686968548,261.1347600000,96.5000000000,63.2160000000,233.3594949073,157.4078400000,,256.2080801178,165.1766400000,,0.0000000000,6.5850000000,1.3170000000,38.0000000000,225.8391600000,0.2000000000,175.0812400000,60.4000000000,42.3840000000,156.4589476106,105.5361600000,,159.2494506665,102.6676800000,,0.0000000000,4.4150000000,0.8830000000,27.0000000000,151.4168400000,0.2000000000,0.3000000000,0.7000000000,1.2000000000,1.2000000000,3.0000000000,0.0000000000,18.0000000000,0.0000000000,3.4000000000,1.9000000000,1.9000000000,0.0000000000,18.0000000000,6182.4221359223,3.4000000000,1.9000000000,1.9000000000,269.3248906935,179.9000000000,2792.4825689726,,65.5825817619,3.4000000000,1.9000000000,1.9000000000,2.0000000000,1.5000000000,0.7000000000,0.7000000000,0.5000000000,333.7501260753,,,5508.8979830573,3.9000000000,1.8000000000,1.8000000000,2.0000000000,2.0000000000,1.0000000000,1.0000000000,0.5000000000,593.5906590636,500.0000000000,2.2000000000,1.2000000000,1.2000000000,2.0000000000,1.5000000000,0.5000000000,1.0000000000,0.5000000000,,29.0000000000,0.0000000000,0.0000000000,0.0000000000,2.0000000000,1.0000000000,0.5000000000,0.7000000000,0.2000000000,0.0000000000,0.0000000000,0.0000000000
Spain,-0.3000000000,0.1000000000,0.1000000000,223.2222222222,-7.6000000000,-4.5000000000,-4.5000000000,689.3928427416,12.0000000000,0.5000000000,0.8000000000,0.8000000000,0.8000000000,0.2000000000,94.7000000000,4.3000000000,0.0000000000,2.0000000000,1.5000000000,1.0000000000,0.8000000000,0.5000000000,433.0192220148,470.6730674074,433.3722268154,649.0581599548,0.8220948411,261.9160061864,284.6913110722,262.1295246697,392.5893179685,0.9671704013,0.1000000000,0.3000000000,0.5000000000,0.8000000000,1.0000000000,1.2000000000,1.5000000000,0.0000000000,100.0000000000,10.0000000000,90.0000000000,20.0000000000,80.0000000000,70.0000000000,30.0000000000,100.0000000000,0.0000000000,7388.5637462907,1.7400000000,1.4000000000,0.9000000000,0.9000000000,0.1757793923,0.1736697772,0.2629495213,0.0500377674,0.4831716197,42.9414977939,1.3016100588,0.0253714336,54.7079833499,0.0563552989,0.0008388255,0.0002998700,0.0000000000,0.0001985626,0.0000000000,0.0098106118,0.1598752865,261.1347600000,96.5000000000,63.2160000000,233.3594949073,157.4078400000,,256.2080801178,165.1766400000,,0.0000000000,6.5850000000,1.3170000000,38.0000000000,225.8391600000,0.2000000000,175.0812400000,60.4000000000,42.3840000000,156.4589476106,105.5361600000,,159.2494506665,102.6676800000,,0.0000000000,4.4150000000,0.8830000000,27.0000000000,151.4168400000,0.2000000000,0.3000000000,0.7000000000,1.2000000000,1.2000000000,3.0000000000,5.1160712609,18.0000000000,92.0892826959,2.8000000000,2.0000000000,2.0000000000,5.1160712609,18.0000000000,6303.7955555556,2.8000000000,2.0000000000,2.0000000000,599.6511431362,179.9000000000,2734.3044444445,,50.0000000000,2.8000000000,2.0000000000,2.0000000000,2.0000000000,1.5000000000,0.7000000000,0.7000000000,0.5000000000,,,,6840.6634444445,2.3000000000,0.8000000000,0.8000000000,2.0000000000,2.0000000000,1.0000000000,1.0000000000,0.5000000000,,500.0000000000,1.3000000000,0.9000000000,0.9000000000,2.0000000000,1.5000000000,0.5000000000,1.0000000000,0.5000000000,,29.0000000000,1.2000000000,0.7000000000,0.7000000000,2.0000000000,1.0000000000,0.5000000000,0.7000000000,0.2000000000,0.0000000000,0.0000000000,0.0000000000
Sweden,0.8000000000,0.6000000000,0.6000000000,28.8000000000,-0.5000000000,-2.1000000000,-2.1000000000,990.0798109837,12.0000000000,1.1000000000,1.0000000000,1.0000000000,0.3000000000,0.0000000000,79.6000000000,20.1000000000,0.0000000000,2.0000000000,1.5000000000,1.0000000000,0.8000000000,0.5000000000,433.0192220148,470.6730674074,433.3722268154,649.0581599548,0.8220948411,261.9160061864,284.6913110722,262.1295246697,392.5893179685,0.9671704013,0.3000000000,0.4000000000,0.7000000000,1.3000000000,1.9000000000,2.5000000000,2.8000000000,0.0000000000,100.0000000000,10.0000000000,90.0000000000,20.0000000000,80.0000000000,70.0000000000,30.0000000000,100.0000000000,0.0000000000,11423.7741072009,1.4500000000,0.8000000000,0.5000000000,0.5000000000,0.1822167202,0.1789444822,0.0002521000,0.2102126503,5.3114763890,52.2470161536,2.1746537454,1.2092075468,33.6476374445,0.0164252873,0.0821070444,0.0007563001,0.0018422695,0.0000581769,0.5967983683,3.9131356339,0.5884208899,261.1347600000,96.5000000000,63.2160000000,233.3594949073,157.4078400000,,256.2080801178,165.1766400000,,0.0000000000,6.5850000000,1.3170000000,38.0000000000,225.8391600000,0.2000000000,175.0812400000,60.4000000000,42.3840000000,156.4589476106,105.5361600000,,159.2494506665,102.6676800000,,0.0000000000,4.4150000000,0.8830000000,27.0000000000,151.4168400000,0.2000000000,0.3000000000,0.7000000000,1.2000000000,1.2000000000,3.0000000000,7.3249462298,18.0000000000,131.8490321356,1.5000000000,0.9000000000,0.9000000000,7.3249462298,18.0000000000,842.1120000000,1.5000000000,0.9000000000,0.9000000000,1305.1946206366,179.9000000000,1505.5560000000,,50.0000000000,1.5000000000,0.9000000000,0.9000000000,2.0000000000,1.5000000000,0.7000000000,0.7000000000,0.5000000000,95.3547817456,,,5760.6480000000,1.9000000000,1.3000000000,1.3000000000,2.0000000000,2.0000000000,1.0000000000,1.0000000000,0.5000000000,213.2017748408,500.0000000000,1.2000000000,0.7000000000,0.7000000000,2.0000000000,1.5000000000,0.5000000000,1.0000000000,0.5000000000,,29.0000000000,1.7000000000,1.4000000000,1.4000000000,2.0000000000,1.0000000000,0.5000000000,0.7000000000,0.2000000000,0.0000000000,0.0000000000,0.0000000000
Switzerland,0.1000000000,0.1000000000,0.1000000000,0.0000000000,-3.5000000000,-4.5000000000,-4.5000000000,738.2784164462,12.0000000000,0.6000000000,0.5000000000,0.5000000000,1.0000000000,0.0000000000,99.0000000000,0.0000000000,0.0000000000,2.0000000000,1.5000000000,1.0000000000,0.8000000000,0.5000000000,433.0192220148,470.6730674074,433.3722268154,649.0581599548,0.8220948411,261.9160061864,284.6913110722,262.1295246697,392.5893179685,0.9671704013,0.2000000000,0.4000000000,0.9000000000,1.2000000000,1.5000000000,1.9000000000,2.3000000000,0.0000000000,100.0000000000,10.0000000000,90.0000000000,20.0000000000,80.0000000000,70.0000000000,30.0000000000,100.0000000000,0.0000000000,11427.6412562817,1.6100000000,0.8000000000,0.5000000000,0.5000000000,0.1925750650,0.1819335890,0.0128622878,0.0921797290,0.9325158635,66.4422912022,1.9572114560,,29.6389984565,0.1522037386,,0.0021437146,0.0000000000,0.0000000000,0.1500600240,0.0042874293,0.6152460984,261.1347600000,96.5000000000,63.2160000000,233.3594949073,157.4078400000,,256.2080801178,165.1766400000,,0.0000000000,6.5850000000,1.3170000000,38.0000000000,225.8391600000,0.2000000000,175.0812400000,60.4000000000,42.3840000000,156.4589476106,105.5361600000,,159.2494506665,102.6676800000,,0.0000000000,4.4150000000,0.8830000000,27.0000000000,151.4168400000,0.2000000000,0.3000000000,0.7000000000,1.2000000000,1.2000000000,3.0000000000,3.7658425631,18.0000000000,67.7851661365,1.6000000000,1.2000000000,1.2000000000,3.7658425631,18.0000000000,0.0000000000,1.6000000000,1.2000000000,1.2000000000,2375.6537374491,179.9000000000,1323.5400000000,,50.0000000000,1.6000000000,1.2000000000,1.2000000000,2.0000000000,1.5000000000,0.7000000000,0.7000000000,0.5000000000,,,,5600.6640000000,1.9000000000,1.1000000000,1.1000000000,2.0000000000,2.0000000000,1.0000000000,1.0000000000,0.5000000000,,500.0000000000,1.5000000000,0.7000000000,0.7000000000,2.0000000000,1.5000000000,0.5000000000,1.0000000000,0.5000000000,,29.0000000000,1.0000000000,0.7000000000,0.7000000000,2.0000000000,1.0000000000,0.5000000000,0.7000000000,0.2000000000,0.0000000000,0.0000000000,0.0000000000
UK,0.5000000000,0.5000000000,0.5000000000,259.6137339056,-5.8000000000,-1.5000000000,-1.5000000000,541.7037495849,12.0000000000,0.3000000000,0.1000000000,0.1000000000,2.5000000000,0.0000000000,97.5000000000,0.0000000000,0.0000000000,2.0000000000,1.5000000000,1.0000000000,0.8000000000,0.5000000000,433.0192220148,470.6730674074,433.3722268154,649.0581599548,0.8220948411,261.9160061864,284.6913110722,262.1295246697,392.5893179685,0.9671704013,0.4000000000,0.6000000000,1.3000000000,1.7000000000,2.1000000000,2.7000000000,3.3000000000,0.0000000000,100.0000000000,10.0000000000,90.0000000000,20.0000000000,80.0000000000,70.0000000000,30.0000000000,100.0000000000,0.0000000000,10062.3013532752,1.5600000000,0.8000000000,0.6000000000,0.6000000000,0.1808400000,0.1733600000,,0.0012024858,0.2645753456,58.5407848042,1.2708723838,0.3906781279,39.2315280626,0.0318816946,0.0051042356,0.0003291014,,,0.0868542802,0.0010854016,0.1751040767,261.1347600000,96.5000000000,63.2160000000,233.3594949073,157.4078400000,,256.2080801178,165.1766400000,,0.0000000000,6.5850000000,1.3170000000,38.0000000000,225.8391600000,0.2000000000,175.0812400000,60.4000000000,42.3840000000,156.4589476106,105.5361600000,,159.2494506665,102.6676800000,,0.0000000000,4.4150000000,0.8830000000,27.0000000000,151.4168400000,0.2000000000,0.3000000000,0.7000000000,1.2000000000,1.2000000000,3.0000000000,1.0682498070,18.0000000000,19.2284965265,1.1000000000,0.6000000000,0.6000000000,0.4770540234,18.0000000000,8110.3330472103,1.1000000000,0.6000000000,0.6000000000,1020.0468636800,179.9000000000,2964.2987982833,,50.0000000000,1.1000000000,0.6000000000,0.6000000000,2.0000000000,1.5000000000,0.7000000000,0.7000000000,0.5000000000,27.2564358745,,,7042.8182918455,1.1000000000,0.7000000000,0.7000000000,2.0000000000,2.0000000000,1.0000000000,1.0000000000,0.5000000000,270.3639254322,500.0000000000,0.9000000000,0.8000000000,0.8000000000,2.0000000000,1.5000000000,0.5000000000,1.0000000000,0.5000000000,,29.0000000000,0.7000000000,0.4000000000,0.4000000000,2.0000000000,1.0000000000,0.5000000000,0.7000000000,0.2000000000,0.0000000000,0.0000000000,0.0000000000
Local dataset,0.5000000000,0.2000000000,0.2000000000,100.0559006211,-1.0000000000,-5.5000000000,-5.5000000000,1458.7130772691,12.0000000000,0.2700000000,0.3000000000,0.3000000000,0.2000000000,0.0000000000,99.3000000000,0.5000000000,0.0000000000,1.0000000000,1.0000000000,1.0000000000,1.0000000000,1.0000000000,,,,,,,,,,,,,,,,,,,,,,,,,,,,0.0000000000,0.0000000000,0.0000000000,0.0000000000,0.0000000000,0.0000000000,0.0000000000,0.0000000000,0.0000000000,0.0000000000,0.0000000000,0.0000000000,0.0000000000,0.0000000000,0.0000000000,0.0000000000,0.0000000000,0.0000000000,0.0000000000,0.0000000000,0.0000000000,0.0000000000,,,,,,,,,,,,,,,,,,,,,,,,,,,,,,,1.0000000000,1.0000000000,1.0000000000,1.0000000000,1.0000000000,0.0000000000,0.0000000000,0.0000000000,0.0000000000,0.0000000000,0.0000000000,0.0000000000,0.0000000000,0.0000000000,0.0000000000,0.0000000000,0.0000000000,0.0000000000,0.0000000000,0.0000000000,,,0.0000000000,0.0000000000,0.0000000000,1.0000000000,1.0000000000,1.0000000000,1.0000000000,1.0000000000,0.0000000000,,,0.0000000000,0.0000000000,0.0000000000,0.0000000000,1.0000000000,1.0000000000,1.0000000000,1.0000000000,1.0000000000,0.0000000000,0.0000000000,0.0000000000,0.0000000000,0.0000000000,1.0000000000,1.0000000000,1.0000000000,1.0000000000,1.0000000000,0.0000000000,0.0000000000,0.0000000000,0.0000000000,0.0000000000,1.0000000000,1.0000000000,1.0000000000,1.0000000000,1.0000000000,,,
Edinburgh,0.5000000000,0.5000000000,0.5000000000,259.6137339056,-5.8000000000,-1.5000000000,-1.5000000000,541.7037495849,12.0000000000,0.3000000000,0.1000000000,0.1000000000,2.5000000000,0.0000000000,97.5000000000,0.0000000000,0.0000000000,1.0000000000,1.0000000000,1.0000000000,1.0000000000,1.0000000000,,,,,,,,,,,,,,,,,,,,,,,,,,,,10062.3013532752,1.5600000000,0.8000000000,0.6000000000,0.6000000000,0.1808400000,0.1733600000,,0.0012024858,0.2645753456,58.5407848042,1.2708723838,0.3906781279,39.2315280626,0.0318816946,0.0051042356,0.0003291014,,,0.0868542802,0.0010854016,0.1751040767,,,,,,,,,,,,,,,,,,,,,,,,,,,,,,,1.0000000000,1.0000000000,1.0000000000,1.0000000000,1.0000000000,1.0682498070,18.0000000000,19.2284965265,1.1000000000,0.6000000000,0.6000000000,0.4770540234,18.0000000000,8110.3330472103,1.1000000000,0.6000000000,0.6000000000,1020.0468636800,179.9000000000,2964.2987982833,,,1.1000000000,0.6000000000,0.6000000000,1.0000000000,1.0000000000,1.0000000000,1.0000000000,1.0000000000,27.2564358745,,,7042.8182918455,1.1000000000,0.7000000000,0.7000000000,1.0000000000,1.0000000000,1.0000000000,1.0000000000,1.0000000000,270.3639254322,500.0000000000,0.9000000000,0.8000000000,0.8000000000,1.0000000000,1.0000000000,1.0000000000,1.0000000000,1.0000000000,,29.0000000000,0.7000000000,0.4000000000,0.4000000000,1.0000000000,1.0000000000,1.0000000000,1.0000000000,1.0000000000,,,
Kymenlaakso,0.5000000000,0.2000000000,0.2000000000,100.0559006211,-1.0000000000,-5.5000000000,-5.5000000000,1458.7130772691,12.0000000000,0.2700000000,0.3000000000,0.3000000000,0.2000000000,0.0000000000,99.3000000000,0.5000000000,0.0000000000,1.0000000000,1.0000000000,1.0000000000,1.0000000000,1.0000000000,,,,,,,,,,,,,,,,,,,,,,,,,,,,,,,,,,,,,,,,,,,,,,,,,,,,,,,,,,,,,,,,,,,,,,,,,,,,,,,,1.0000000000,1.0000000000,1.0000000000,1.0000000000,1.0000000000,,,,,,,,,,,,,,,,,,,,,1.0000000000,1.0000000000,1.0000000000,1.0000000000,1.0000000000,,,,,,,,1.0000000000,1.0000000000,1.0000000000,1.0000000000,1.0000000000,,,,,,1.0000000000,1.0000000000,1.0000000000,1.0000000000,1.0000000000,,,,,,1.0000000000,1.0000000000,1.0000000000,1.0000000000,1.0000000000,,,
Rathlin Island,0.5000000000,0.5000000000,0.5000000000,259.6137339056,-5.8000000000,-1.5000000000,-1.5000000000,541.7037495849,12.0000000000,0.3000000000,0.1000000000,0.1000000000,2.5000000000,0.0000000000,97.5000000000,0.0000000000,0.0000000000,1.0000000000,1.0000000000,1.0000000000,1.0000000000,1.0000000000,,,,,,,,,,,,,,,,,,,,,,,,,,,,10062.3013532752,1.5600000000,0.8000000000,0.6000000000,0.6000000000,0.1808400000,0.1733600000,,0.0012024858,0.2645753456,58.5407848042,1.2708723838,0.3906781279,39.2315280626,0.0318816946,0.0051042356,0.0003291014,,,0.0868542802,0.0010854016,0.1751040767,,,,,,,,,,,,,,,,,,,,,,,,,,,,,,,1.0000000000,1.0000000000,1.0000000000,1.0000000000,1.0000000000,1.0682498070,18.0000000000,19.2284965265,1.1000000000,0.6000000000,0.6000000000,0.4770540234,18.0000000000,8110.3330472103,1.1000000000,0.6000000000,0.6000000000,1020.0468636800,179.9000000000,2964.2987982833,,,1.1000000000,0.6000000000,0.6000000000,1.0000000000,1.0000000000,1.0000000000,1.0000000000,1.0000000000,27.2564358745,,,7042.8182918455,1.1000000000,0.7000000000,0.7000000000,1.0000000000,1.0000000000,1.0000000000,1.0000000000,1.0000000000,270.3639254322,500.0000000000,0.9000000000,0.8000000000,0.8000000000,1.0000000000,1.0000000000,1.0000000000,1.0000000000,1.0000000000,,29.0000000000,0.7000000000,0.4000000000,0.4000000000,1.0000000000,1.0000000000,1.0000000000,1.0000000000,1.0000000000,,,
Meath County,0.0000000000,0.4000000000,0.4000000000,364.0869565217,-1.5000000000,-3.8000000000,-3.8000000000,2124.3106214375,12.0000000000,0.7000000000,0.7000000000,0.7000000000,0.1000000000,0.0000000000,99.9000000000,0.0000000000,0.0000000000,1.0000000000,1.0000000000,1.0000000000,1.0000000000,1.0000000000,,,,,,,,,,,,,,,,,,,,,,,,,,,,11785.6267249368,1.5000000000,1.8000000000,0.8000000000,0.8000000000,0.1645888264,0.1724143590,,,3.1069255413,38.1018727558,,,55.6842761616,,,,,,,2.7375346707,0.3693908706,,,,,,,,,,,,,,,,,,,,,,,,,,,,,,,1.0000000000,1.0000000000,1.0000000000,1.0000000000,1.0000000000,0.0000000000,18.0000000000,0.0000000000,0.8000000000,0.6000000000,0.6000000000,0.8629597075,18.0000000000,5184.5982608696,0.8000000000,0.6000000000,0.6000000000,455.5706746700,179.9000000000,3624.5695652174,,,0.8000000000,0.6000000000,0.6000000000,1.0000000000,1.0000000000,1.0000000000,1.0000000000,1.0000000000,2.4643245884,,,7623.1670434783,1.4000000000,1.1000000000,1.1000000000,1.0000000000,1.0000000000,1.0000000000,1.0000000000,1.0000000000,417.5787586228,500.0000000000,2.5000000000,1.3000000000,1.3000000000,1.0000000000,1.0000000000,1.0000000000,1.0000000000,1.0000000000,,29.0000000000,1.6000000000,1.2000000000,1.2000000000,1.0000000000,1.0000000000,1.0000000000,1.0000000000,1.0000000000,,,
Haapsalu,-0.6000000000,-0.3000000000,-0.3000000000,710.8761514841,-1.3000000000,-6.1000000000,-6.1000000000,2171.6667850441,12.0000000000,0.6000000000,0.3000000000,0.3000000000,4.2000000000,0.0000000000,92.4000000000,3.4000000000,0.0000000000,1.0000000000,1.0000000000,1.0000000000,1.0000000000,1.0000000000,,,,,,,,,,,,,,,,,,,,,,,,,,,,10221.4599108145,1.4500000000,0.5000000000,0.5000000000,0.5000000000,0.1996100125,0.1877148979,0.0003761119,0.1659907100,0.3396290283,58.7093093959,1.1223178522,,39.4333247663,0.0557899290,,,,,,,0.1732622064,,,,,,,,,,,,,,,,,,,,,,,,,,,,,,,1.0000000000,1.0000000000,1.0000000000,1.0000000000,1.0000000000,0.0000000000,18.0000000000,0.0000000000,2.4000000000,1.2000000000,1.2000000000,5.7196825024,18.0000000000,5146.7433367451,2.4000000000,1.2000000000,1.2000000000,313.5178051047,179.9000000000,5816.2772773797,,,2.4000000000,1.2000000000,1.2000000000,1.0000000000,1.0000000000,1.0000000000,1.0000000000,1.0000000000,117.2849630545,,,9549.5810214944,2.2000000000,1.3000000000,1.3000000000,1.0000000000,1.0000000000,1.0000000000,1.0000000000,1.0000000000,162.5887437184,500.0000000000,1.3000000000,0.9000000000,0.9000000000,1.0000000000,1.0000000000,1.0000000000,1.0000000000,1.0000000000,,29.0000000000,1.2000000000,0.9000000000,0.9000000000,1.0000000000,1.0000000000,1.0000000000,1.0000000000,1.0000000000,,,
