0,Austria,Belgium,Bulgaria,Cyprus,Czechia,Germany,Denmark,Estonia,Spain,Finland,France,Greece,Hungary,Croatia,Ireland,Italy,Lithuania,Luxembourg,Latvia,Malta,Netherlands,Poland,Portugal,Romania,Sweden,Slovenia,Slovakia,United Kingdom,Turkey,Norway,Switzerland,Liechtenstein,Iceland
Paddy rice,0,0,0,0,0,0,0,0,0,0,0,0,0,0,0,0,0,0,0,0,0,0,0,0,0,0,0,0,0,0,0,0,0
Wheat,31.72923866,37.46461168,11.65222042,36.38002766,12.6866147,28.61625092,31.30093708,15.42548979,28.90804833,21.67736245,33.04348133,21.86969838,12.12067247,16.68997207,35.49928902,39.6368884,14.30986315,30.85101093,15.28864781,30.1386323,30.39028959,15.33648437,17.85588481,13.26395262,24.22404567,18.67381419,16.80135878,27.76133987,52.46259955,36.25644867,42.36053035,80.48500767,28.6550289
Cereal grains nec,0,0,0,0,0,0,0,0,0,0,0,0,0,0,0,0,0,0,0,0,0,0,0,0,0,0,0,0,0,0,0,0,0
"Vegetables, fruit, nuts",503.2710782,608.1555254,253.9028682,698.6126961,230.0859761,494.0678859,744.3844678,346.7043376,635.3509222,490.7371759,713.1020118,537.9226176,272.0738112,325.9174062,764.3610053,907.6283408,296.8409258,643.6269721,373.7423433,649.5241168,656.6425657,307.3898867,404.542417,281.0204813,518.7067054,506.5876293,300.3636157,636.5385927,1354.173931,805.4918829,1022.484903,1942.721316,636.6148375
Oil seeds,3.472098882,2.873159782,1.353788087,2.821640892,1.74109987,2.929884039,3.194871262,1.467830583,2.688388089,2.154560097,2.376866972,5.467013349,1.55825687,1.96955915,2.88241306,4.378990598,2.373526376,2.47875641,1.840211423,2.672391689,1.917196784,2.193039602,2.455836114,1.334183014,2.099688684,2.448309917,2.000957346,2.297600751,7.373000184,2.546542152,3.280173963,6.23233053,2.012641657
"Sugar cane, sugar beet",0,0,0,0,0,0,0,0,0,0,0,0,0,0,0,0,0,0,0,0,0,0,0,0,0,0,0,0,0,0,0,0,0
Plant-based fibers,0,0,0,0,0,0,0,0,0,0,0,0,0,0,0,0,0,0,0,0,0,0,0,0,0,0,0,0,0,0,0,0,0
Crops nec,5.288206445,6.244101946,1.942036736,6.063337943,2.114435783,4.769375154,5.216822846,2.570914964,4.818008056,3.61289374,5.507246887,3.64494973,2.020112078,2.781662011,5.916548169,6.606148066,2.384977191,5.141835155,2.548107968,5.023105384,5.065048265,2.556080728,2.975980802,2.21065877,4.037340945,3.112302365,2.800226464,4.626889978,8.743766591,6.042741446,7.060088392,13.41416794,4.77583815
Cattle,0,0,0,0,0,0,0,0,0,0,0,0,0,0,0,0,0,0,0,0,0,0,0,0,0,0,0,0,0,0,0,0,0
Pigs,0,0,0,0,0,0,0,0,0,0,0,0,0,0,0,0,0,0,0,0,0,0,0,0,0,0,0,0,0,0,0,0,0
Poultry,0,0,0,0,0,0,0,0,0,0,0,0,0,0,0,0,0,0,0,0,0,0,0,0,0,0,0,0,0,0,0,0,0
Meat animals nec,0,0,0,0,0,0,0,0,0,0,0,0,0,0,0,0,0,0,0,0,0,0,0,0,0,0,0,0,0,0,0,0,0
Animal products nec,0,0,0,0,0,0,0,0,0,0,0,0,0,0,0,0,0,0,0,0,0,0,0,0,0,0,0,0,0,0,0,0,0
Raw milk,4.175338957,4.337860303,2.044841222,5.776649345,2.35249545,3.7664937,5.341507904,2.728948658,3.745311356,4.279771069,4.157630799,4.264669046,1.952915379,2.631301902,4.698489292,5.271286624,2.7459203,4.62739651,3.033568397,4.453547657,3.954418408,2.182698306,2.341493617,2.108909513,4.020076362,2.849585301,2.752648466,3.131276861,6.801813645,7.016140016,6.967848744,13.23891261,5.545156856
"Wool, silk-worm cocoons",0,0,0,0,0,0,0,0,0,0,0,0,0,0,0,0,0,0,0,0,0,0,0,0,0,0,0,0,0,0,0,0,0
Manure (conventional treatment),0,0,0,0,0,0,0,0,0,0,0,0,0,0,0,0,0,0,0,0,0,0,0,0,0,0,0,0,0,0,0,0,0
Manure (biogas treatment),0,0,0,0,0,0,0,0,0,0,0,0,0,0,0,0,0,0,0,0,0,0,0,0,0,0,0,0,0,0,0,0,0
"Products of forestry, logging and related services (02)",38.85262723,10.38534147,2.02575405,14.59209881,5.005853819,7.963698101,16.32150231,8.238306368,6.725572576,15.24788609,5.811421239,3.508591416,2.433689516,2.248487144,12.50967626,5.547965467,2.781071275,46.73900379,1.89176324,16.74240287,5.55614752,5.893980536,7.05035046,0.844914659,20.18418754,5.076557052,5.10175085,16.12601277,13.6230471,81.98197734,21.87183335,41.55648336,64.79387849
Fish and other fishing products; services incidental of fishing (05),75.17205989,60.71355017,3.17741772,28.6349906,23.46885006,57.33703979,76.55727693,33.56603617,20.5904636,86.82816733,45.50322964,10.49357982,9.837132506,6.945390105,62.15741181,42.83169926,13.02441979,89.75343344,18.29594956,44.80938555,57.00091448,13.8620502,17.51697264,2.14888263,68.74227829,36.20295416,8.636030546,65.83517442,8.55226801,83.38378481,55.75209676,105.9289838,65.90178716
Anthracite,0,0,0,0,0,0,0,0,0,0,0,0,0,0,0,0,0,0,0,0,0,0,0,0,0,0,0,0,0,0,0,0,0
Coking Coal,0,0,0,0,0,0,0,0,0,0,0,0,0,0,0,0,0,0,0,0,0,0,0,0,0,0,0,0,0,0,0,0,0
Other Bituminous Coal,0,0,0,0,0,0,0,0,0,0,0,0,0,0,0,0,0,0,0,0,0,0,0,0,0,0,0,0,0,0,0,0,0
Sub-Bituminous Coal,0,0,0,0,0,0,0,0,0,0,0,0,0,0,0,0,0,0,0,0,0,0,0,0,0,0,0,0,0,0,0,0,0
Patent Fuel,0,0,0,0,0,0,0,0,0,0,0,0,0,0,0,0,0,0,0,0,0,0,0,0,0,0,0,0,0,0,0,0,0
Lignite/Brown Coal,0,0,0,0,0,0,0,0,0,0,0,0,0,0,0,0,0,0,0,0,0,0,0,0,0,0,0,0,0,0,0,0,0
BKB/Peat Briquettes,0,0,0,0,0,0,0,0,0,0,0,0,0,0,0,0,0,0,0,0,0,0,0,0,0,0,0,0,0,0,0,0,0
Peat,0,0,0,0,0,0,0,0,0,0,0,0,0,0,0,0,0,0,0,0,0,0,0,0,0,0,0,0,0,0,0,0,0
"Crude petroleum and services related to crude oil extraction, excluding surveying",0,0,0,0,0,0,0,0,0,0,0,0,0,0,0,0,0,0,0,0,0,0,0,0,0,0,0,0,0,0,0,0,0
"Natural gas and services related to natural gas extraction, excluding surveying",0,0,0,0,0,0,0,0,0,0,0,0,0,0,0,0,0,0,0,0,0,0,0,0,0,0,0,0,0,0,0,0,0
Natural Gas Liquids,4.223903831,22.53854234,0,31.37797521,0,16.44965445,11.69677631,0,29.7368719,2.300962204,14.54622868,19.74858662,0,6.003381545,10.01493067,9.752641988,0,1.999156696,0,0,0,5.13610123,24.59508196,0,1.274199754,31.08052687,0,4.168210434,0,0,0,0,0
Other Hydrocarbons,0,0,0,0,0,0,0,0,0,0,0,0,0,0,0,0,0,0,0,0,0,0,0,0,0,0,0,0,0,0,0,0,0
Uranium and thorium ores (12),0,0,0,0,0,0,0,0,0,0,0,0,0,0,0,0,0,0,0,0,0,0,0,0,0,0,0,0,0,0,0,0,0
Iron ores,0,0,0,0,0,0,0,0,0,0,0,0,0,0,0,0,0,0,0,0,0,0,0,0,0,0,0,0,0,0,0,0,0
Copper ores and concentrates,0,0,0,0,0,0,0,0,0,0,0,0,0,0,0,0,0,0,0,0,0,0,0,0,0,0,0,0,0,0,0,0,0
Nickel ores and concentrates,0,0,0,0,0,0,0,0,0,0,0,0,0,0,0,0,0,0,0,0,0,0,0,0,0,0,0,0,0,0,0,0,0
Aluminium ores and concentrates,0,0,0,0,0,0,0,0,0,0,0,0,0,0,0,0,0,0,0,0,0,0,0,0,0,0,0,0,0,0,0,0,0
Precious metal ores and concentrates,0,0,0,0,0,0,0,0,0,0,0,0,0,0,0,0,0,0,0,0,0,0,0,0,0,0,0,0,0,0,0,0,0
"Lead, zinc and tin ores and concentrates",0,0,0,0,0,0,0,0,0,0,0,0,0,0,0,0,0,0,0,0,0,0,0,0,0,0,0,0,0,0,0,0,0
Other non-ferrous metal ores and concentrates,0,0,0,0,0,0,0,0,0,0,0,0,0,0,0,0,0,0,0,0,0,0,0,0,0,0,0,0,0,0,0,0,0
Stone,0,0,0,0,0,0,0,0,0,0,0,0,0,0,0,0,0,0,0,0,0,0,0,0,0,0,0,0,0,0,0,0,0
Sand and clay,7.517205989,6.071355017,0.317741772,2.86349906,2.346885006,5.733703979,7.655727693,3.356603617,2.05904636,8.682816733,4.550322964,1.049357982,0.983713251,0.69453901,6.215741181,4.283169926,1.302441979,8.975343344,1.829594956,4.480938555,5.700091448,1.38620502,1.751697264,0.214888263,6.874227829,3.620295416,0.863603055,6.583517442,0.855226801,8.338378481,5.575209676,10.59289838,6.590178716
"Chemical and fertilizer minerals, salt and other mining and quarrying products n.e.c.",7.517205989,6.071355017,0.317741772,2.86349906,2.346885006,5.733703979,7.655727693,3.356603617,2.05904636,8.682816733,4.550322964,1.049357982,0.983713251,0.69453901,6.215741181,4.283169926,1.302441979,8.975343344,1.829594956,4.480938555,5.700091448,1.38620502,1.751697264,0.214888263,6.874227829,3.620295416,0.863603055,6.583517442,0.855226801,8.338378481,5.575209676,10.59289838,6.590178716
Products of meat cattle,88.94199057,118.0726651,35.19679975,84.95935584,43.64337989,79.9784833,109.3520234,46.50981387,105.5147051,54.79370096,100.9434862,81.72275693,47.75744045,69.91396853,115.4641508,122.7112112,59.46273829,107.767076,52.66425371,95.33823672,68.69261665,59.37821484,59.46251165,44.35389782,61.35625127,70.5908047,54.86258857,80.47836769,115.1980225,115.7296024,140.7704764,267.4639052,91.46607628
Products of meat pigs,76.23599192,101.2051415,30.16868549,72.822305,37.40861133,68.55298568,93.73030579,39.86555475,90.44117582,46.9660294,86.52298821,70.04807737,40.93494895,59.92625874,98.96927209,105.1810381,50.96806139,92.37177942,45.14078889,81.71848862,58.8793857,50.89561272,50.96786712,38.0176267,52.59107252,60.50640402,47.02507592,68.98145803,98.74116215,99.19680203,120.6604084,229.2547759,78.39949396
Products of meat poultry,76.23599192,101.2051415,30.16868549,72.822305,37.40861133,68.55298568,93.73030579,39.86555475,90.44117582,46.9660294,86.52298821,70.04807737,40.93494895,59.92625874,98.96927209,105.1810381,50.96806139,92.37177942,45.14078889,81.71848862,58.8793857,50.89561272,50.96786712,38.0176267,52.59107252,60.50640402,47.02507592,68.98145803,98.74116215,99.19680203,120.6604084,229.2547759,78.39949396
Meat products nec,247.7669737,328.9167099,98.04822787,236.6724913,121.5779868,222.7972035,304.6234937,129.5630529,293.9338214,152.6395955,281.1997117,227.6562514,133.0385841,194.7603409,321.6501343,341.838374,165.6461995,300.2082831,146.7075639,265.5850881,191.3580035,165.4107413,165.6455682,123.5572868,170.9209857,196.6458131,152.8314967,224.1897386,320.908777,322.3896065,392.1463272,745.0780216,254.7983553
products of Vegetable oils and fats,35.87835511,29.68931774,13.98914357,29.15695588,17.99136532,30.27546841,33.01366972,15.16758269,27.78001025,22.26378767,24.56095871,56.49247127,16.10198765,20.35211122,29.78493495,45.24956951,24.52643922,25.61381624,19.01551804,27.61471412,19.81103344,22.66140922,25.37697318,13.78655781,21.69678307,25.29920248,20.67655924,23.74187444,76.18766853,26.3142689,33.89513095,64.40074881,20.79729713
Dairy products,615.4117472,630.2685112,263.964195,742.2209614,322.0866727,546.9396911,820.8874058,391.1869541,499.2930242,601.0945278,568.5214278,616.6256823,273.5791892,358.2185561,698.2900291,721.7003503,391.8609802,636.4260882,413.5997684,580.5175801,534.8269547,324.0461532,326.8399902,274.0161648,573.131,419.3508091,392.4938029,468.4133032,1014.896646,1005.850181,943.6743106,1792.98119,794.9666079
Processed rice,15.86461934,18.73230584,5.826110208,18.19001383,6.343307345,14.30812546,15.65046854,7.71274489,14.45402417,10.83868122,16.52174066,10.93484918,6.060336234,8.344986033,17.7496445,19.8184442,7.15493157,15.42550546,7.6443239,15.06931615,15.19514479,7.668242184,8.927942408,6.631976309,12.11202283,9.336907093,8.400679392,13.88066994,26.23129978,18.12822434,21.18026518,40.24250383,14.32751445
Sugar,40.91109073,44.69953093,10.38478672,35.2248786,16.60186858,35.66967546,71.88900406,28.78001321,22.66412622,42.16614726,34.00554653,24.50693252,14.9930111,17.75673747,55.06042138,33.8596274,22.12531153,40.19594996,23.67911278,26.35952974,32.83879633,19.49779448,13.49107731,11.71833042,41.82264041,27.15972565,24.71855771,35.04372395,58.63508331,82.60556124,58.9634997,112.0306494,65.28672364
Food products nec,1191.872437,1394.436653,346.3678093,1047.48334,425.2591577,1063.708128,1253.852898,636.8890417,941.2542767,1035.822862,1051.693629,683.096213,417.5805792,551.7768075,1332.861691,1142.435341,507.7205042,1182.892339,541.9577244,1006.124316,1223.95091,530.3331612,548.0296129,369.8237791,851.1026598,673.4116811,597.0682978,974.4489435,1350.095421,1632.329137,1676.570749,3185.484423,1290.099839
Beverages,303.2499339,398.7546018,49.99493916,192.2765909,101.5547753,255.3620477,387.579837,161.141212,191.7257485,258.7397767,250.6085534,142.3073387,91.71714739,103.4952369,345.0758964,228.6155545,129.1530061,353.4274472,119.1356194,222.8089306,344.2979228,106.0119809,115.888461,71.70256406,231.3345994,156.3391954,145.9448221,284.6598383,209.8254921,563.2197357,454.6528579,863.84043,445.1367521
Fish products,91.10671263,211.8552205,38.1630651,192.1701064,54.20822494,87.96758499,222.3216378,137.8055362,350.350264,164.046035,223.6977303,210.4005349,16.16944437,64.57174682,132.4154785,249.5954732,92.05130081,275.5297932,100.8779344,316.5470768,127.4470589,63.7360336,202.6569404,61.09118037,202.0569265,63.50971494,54.1914979,182.0544237,74.3178215,389.6507579,157.2010127,298.6819241,307.9577327
Tobacco products (16),333.08549,236.4965346,133.1734787,291.1528389,95.20760183,176.7279425,241.2729226,124.9959414,365.2283256,187.586725,316.0771953,374.5951586,125.9220157,163.0853221,300.3545986,222.6678458,74.05357536,203.3646627,101.72484,244.6348878,466.8966292,81.96333133,133.2872433,202.2720469,169.7525473,116.0600108,116.1836498,179.6425793,985.1567165,413.2104327,252.2411094,479.2581079,326.5779557
Textiles (17),818.3632486,649.9389529,81.72776671,564.2138947,213.4831988,472.2173271,615.7298488,260.445655,459.246796,424.1454303,404.9078416,330.6249878,130.8949267,204.9945117,626.589563,519.6945934,189.4642315,1402.738886,170.8094543,656.2126004,502.8484396,194.9558981,283.7980319,91.725407,457.8061708,398.8311424,246.112288,601.4492638,685.5866783,1516.980359,894.9905249,1700.481997,1198.934745
Wearing apparel; furs (18),585.8454679,543.945582,74.41891426,502.1088706,167.3145432,426.8453627,473.23972,214.9306669,439.7391715,271.9752507,375.6741866,291.2385731,124.9458409,238.7128451,535.1753117,519.4545065,206.8919977,1159.952025,184.0222275,567.4494719,415.7328318,145.6542604,255.6103099,113.9084648,290.2789414,447.302801,268.5566638,415.5435538,551.8932802,896.2406703,681.9783849,1295.758931,708.3375027
Leather and leather products (19),139.3308192,111.4173517,19.35815328,95.18497632,41.65267271,104.9222959,122.4636068,57.63721393,92.39717527,76.53397525,85.35626431,44.0617318,33.61993139,49.98939779,110.6307808,107.3281112,57.31744856,203.0326476,49.11940959,120.7551188,85.18413054,36.81197907,59.22031167,36.12232525,73.78883074,110.838208,61.15120629,91.83749906,99.44892602,143.2011418,128.8795785,244.8711992,113.178014
Wood and products of wood and cork (except furniture); articles of straw and plaiting materials (20),215.5439873,29.26302863,145.1374444,85.50592426,38.60120081,58.05787838,102.556853,204.9710021,22.43727981,162.2364295,50.8954462,127.6667683,198.4790678,209.2405418,15.84747371,61.87114655,102.9260608,64.39727536,128.126743,0,0,64.4880722,113.1032681,138.6165672,34.64581157,390.77338,106.0766564,26.21268582,220.8822492,521.2766722,74.64867763,141.8324875,0
"Wood material for treatment, Re-processing of secondary wood material into new wood material",0,0,0,0,0,0,0,0,0,0,0,0,0,0,0,0,0,0,0,0,0,0,0,0,0,0,0,0,0,0,0,0,0
Pulp,0,0,0,0,0,0,0,0,0,0,0,0,0,0,0,0,0,0,0,0,0,0,0,0,0,0,0,0,0,0,0,0,0
"Secondary paper for treatment, Re-processing of secondary paper into new pulp",0,0,0,0,0,0,0,0,0,0,0,0,0,0,0,0,0,0,0,0,0,0,0,0,0,0,0,0,0,0,0,0,0
Paper and paper products,158.373128,54.99065478,11.30382169,71.72520245,24.57934671,37.60622673,71.54312046,36.90672371,35.72260245,67.98222702,30.3297601,21.88852419,16.08147603,14.3005237,60.74370032,36.26560503,18.63487384,190.6383217,11.17980919,81.20054164,31.80031752,27.71211532,35.97351537,7.919907295,84.95209572,29.19734192,28.36733392,82.46030961,65.58135545,319.9474002,94.46746445,179.4881825,252.8681748
Printed matter and recorded media (22),606.7057149,550.4619076,38.23978307,307.1099602,142.015328,633.0855313,559.1040341,201.3667996,316.2667002,571.9602136,352.1087016,203.9682288,75.44916546,157.8183811,380.4182855,418.8063762,126.8429156,735.8092956,150.3018553,425.4614086,525.9352932,136.3365518,236.4261879,42.27250446,483.1821871,295.0536871,107.6406431,549.9329969,185.0333054,851.8061948,666.638297,1266.612764,673.2190278
Coke Oven Coke,2.469932943,2.377515774,20.89598685,0,15.13771076,3.35617234,0,0.569292014,0.576386718,0.504468468,0.193054876,1.139006259,11.08785203,0.463837703,213.7014347,0,10.34131707,1.037281042,1.173186653,0,0,137.1049853,0,1.853574223,0,0.002559298,4.89315713,6.956076731,9.203427049,0,0.41851797,0.795184144,0
Gas Coke,0,0,0,0,0,0,0,0,0,0,0,0,0,0,0,0,0,0,0,0,0,0,0,0,0,0,0,0,0,0,0,0,0
Coal Tar,0,0,0,0,0,0,0,0,0,0,0,0,0,0,0,0,0,0,0,0,0,0,0,0,0,0,0,0,0,0,0,0,0
Motor Gasoline,175.3103785,477.3339378,61.84903138,194.5451542,97.97021093,240.3751237,242.3589333,125.4962731,384.2104271,169.328337,382.3720114,328.8196962,91.13059908,190.244274,305.0037069,426.1591787,220.0585909,370.5764501,205.3379736,207.7940016,145.1385967,88.82931168,455.369693,48.38169451,334.8320232,377.8738545,132.6638027,262.1951187,518.282118,409.948138,632.1475907,1201.080422,323.9996241
Aviation Gasoline,0,0,0,0,0,0,0,0,0,0,0,0,0,0,0,0,0,0,0,0,0,0,0,0,0,0,0,0,0,0,0,0,0
Gasoline Type Jet Fuel,0,0,0,0,0,0,0,0,0,0,0,0,0,0,0,0,0,0,0,0,0,0,0,0,0,0,0,0,0,0,0,0,0
Kerosene Type Jet Fuel,0,47.91866629,1.343511225,60.77883199,1.754672232,36.87174819,72.20770055,14.83683413,23.13704931,81.09367673,39.35338623,24.19460445,0,6.390041686,25.9112436,17.72846407,5.920388342,103.0379264,6.818322981,87.29000452,83.94506384,3.99210047,17.4492268,0,10.80083259,4.912057638,6.402375696,110.3375781,15.06995431,164.3059876,131.525323,249.8981137,129.8580803
Kerosene,0,4.437606739,0,11.3491243,0,0.128196202,2.189549249,0,0,0,3.076757859,0.757421545,0,0,165.6186734,0.017913146,0,1.977922204,0,0,0,0,0,0,0,0,0,35.9754529,0,0,0,0,0
Gas/Diesel Oil,365.0284904,445.2851843,69.87585121,778.7219136,147.1959207,500.5052714,534.668189,190.1447091,310.5698204,475.5605721,216.6674989,347.7072576,192.2365431,154.9453592,635.0738825,450.6379668,79.60731241,284.3356079,105.8220779,443.3380468,865.1495678,149.2872146,350.880399,54.66071193,550.6040105,371.8732304,199.321512,545.9385189,329.458328,396.1983141,300.7900137,571.5010259,313.1325476
Heavy Fuel Oil,128.2887141,412.3041504,0,53.62826655,0,228.8516431,93.323924,0,49.28637663,88.02298608,59.76992694,263.1187623,0,6.385717957,56.97619477,7.458823643,0,342.0011097,0,0,0,0.588818824,3.267214451,0,23.38468151,111.5162448,0,2.900419048,0,0,262.1110396,498.0109752,11.40119479
Refinery Gas,0,0,0,0,0,0,0,0,0,0,0,0,0,0,0,0,0,0,0,0,0,0,0,0,0,0,0,0,0,0,0,0,0
Liquefied Petroleum Gases (LPG),0,0,0,0,0,0,0,0,0,0,0,0,0,0,0,0,0,0,0,0,0,0,0,0,0,0,0,0,0,0,0,0,0
Refinery Feedstocks,0,0,0,0,0,0,0,0,0,0,0,0,0,0,0,0,0,0,0,0,0,0,0,0,0,0,0,0,0,0,0,0,0
Ethane,0,0,0,0,0,0,0,0,0,0,0,0,0,0,0,0,0,0,0,0,0,0,0,0,0,0,0,0,0,0,0,0,0
Naphtha,0,0,0,0,0,0,0,0,0,0,0,0,0,0,0,0,0,0,0,0,0,0,0,0,0,0,0,0,0,0,0,0,0
White Spirit & SBP,0,0,0,0,0,0,0,0,0,0,0,0,0,0,0,0,0,0,0,0,0,0,0,0,0,0,0,0,0,0,0,0,0
Lubricants,0,0,0,0,0,0,0,0,0,0,0,0,0,0,0,0,0,0,0,0,0,0,0,0,0,0,0,0,0,0,0,0,0
Bitumen,0,0,0,0,0,0,0,0,0,0,0,0,0,0,0,0,0,0,0,0,0,0,0,0,0,0,0,0,0,0,0,0,0
Paraffin Waxes,0,0,0,0,0,0,0,0,0,0,0,0,0,0,0,0,0,0,0,0,0,0,0,0,0,0,0,0,0,0,0,0,0
Petroleum Coke,0,0,0,0,0,0,0,0,0,0,0,0,0,0,0,0,0,0,0,0,0,0,0,0,0,0,0,0,0,0,0,0,0
Non-specified Petroleum Products,0,0,0,0,0,0,0,0,0,0,0,0,0,0,0,0,0,0,0,0,0,0,0,0,0,0,0,0,0,0,0,0,0
Nuclear fuel,0,0,0,0,0,0,0,0,0,0,0,0,0,0,0,0,0,0,0,0,0,0,0,0,0,0,0,0,0,0,0,0,0
"Plastics, basic",0,0,0,0,0,0,0,0,0,0,0,0,0,0,0,0,0,0,0,0,0,0,0,0,0,0,0,0,0,0,0,0,0
"Secondary plastic for treatment, Re-processing of secondary plastic into new plastic",0,0,0,0,0,0,0,0,0,0,0,0,0,0,0,0,0,0,0,0,0,0,0,0,0,0,0,0,0,0,0,0,0
N-fertiliser,15.03441198,12.14271003,0.635483544,5.72699812,4.693770013,11.46740796,15.31145539,6.713207233,4.118092721,17.36563346,9.100645929,2.098715963,1.967426501,1.389078021,12.43148236,8.566339852,2.604883957,17.95068669,3.659189914,8.961877109,11.40018289,2.77241004,3.503394529,0.429776526,13.74845566,7.240590833,1.727206109,13.16703488,1.710453602,16.67675697,11.15041935,21.18579677,13.18035744
P- and other fertiliser,15.03441198,12.14271003,0.635483544,5.72699812,4.693770013,11.46740796,15.31145539,6.713207233,4.118092721,17.36563346,9.100645929,2.098715963,1.967426501,1.389078021,12.43148236,8.566339852,2.604883957,17.95068669,3.659189914,8.961877109,11.40018289,2.77241004,3.503394529,0.429776526,13.74845566,7.240590833,1.727206109,13.16703488,1.710453602,16.67675697,11.15041935,21.18579677,13.18035744
Chemicals nec,592.4221696,689.7793879,156.5711269,600.7158381,187.3747832,495.3596781,453.2804989,299.3208322,358.7309682,477.0683528,253.7599933,421.5871497,307.7691355,214.1180734,431.7081629,639.5910856,323.2476659,769.0130801,278.5278985,614.9084882,280.7362564,251.8723534,515.0201127,131.2415105,381.4571065,296.2574234,315.4325158,326.1869177,275.3317663,552.7692492,579.8261628,1101.669709,436.8772837
Charcoal,0,0,0,0,0,0,0,0,0,0,0,0,0,0,0,0,0,0,0,0,0,0,0,0,0,0,0,0,0,0,0,0,0
Additives/Blending Components,0,0,0,0,0,0,0,0,0,0,0,0,0,0,0,0,0,0,0,0,0,0,0,0,0,0,0,0,0,0,0,0,0
Biogasoline,18.98025165,34.87090574,5.300079302,6.672373208,8.325044401,19.99654409,18.71649764,6.811188099,31.62872598,45.80377879,38.96527197,13.87573813,7.958865818,11.83153884,29.9149329,42.3896088,9.28616934,30.71918052,11.06694767,19.77830957,20.74925213,5.789739759,45.52645048,4.119221901,145.6202923,32.78271386,12.02036026,25.47616927,0,154.198088,18.54184611,35.22950761,121.869373
Biodiesels,39.52037906,32.52963274,5.9879281,26.70805785,12.50801201,41.63648705,41.29047675,10.31991906,25.56653088,128.6404368,22.07930437,14.6727672,16.78892564,9.636253419,62.28839898,44.82448831,3.359318903,23.57018873,5.703413637,42.19793191,123.683203,9.730280524,35.07993474,4.65381802,239.4607187,32.26212546,18.06006109,53.04607571,0,149.0262226,8.822626594,16.76299053,117.7818256
Other Liquid Biofuels,0.897669217,1.115998127,0,6.483215093,0,3.988049069,0,0,1.187114558,0,0,11.12282346,0,1.050302309,0,0.421772314,0,0,0,0,0,0.166006881,0.505465018,0,0,0,0,0.007236188,0,0,1.001184809,1.902251136,0
Rubber and plastic products (25),395.5890632,163.6313104,29.09071374,196.7509207,70.45651766,124.3281631,234.9145788,105.7099427,101.056565,188.6215192,104.5881236,65.77361901,46.23109308,41.99296968,165.187881,113.8684704,59.26645126,460.9589141,39.7760664,216.9841836,113.1502647,73.71309068,90.60536129,21.43079134,247.4586084,78.93945419,69.77384377,198.5517693,182.3304381,757.6090679,269.5381254,512.1224383,598.7709919
Glass and glass products,0,0,0,0,0,0,0,0,0,0,0,0,0,0,0,0,0,0,0,0,0,0,0,0,0,0,0,0,0,0,0,0,0
"Secondary glass for treatment, Re-processing of secondary glass into new glass",0,0,0,0,0,0,0,0,0,0,0,0,0,0,0,0,0,0,0,0,0,0,0,0,0,0,0,0,0,0,0,0,0
Ceramic goods,88.08964146,67.34723533,4.598004985,47.22800294,28.33316928,73.56597613,129.2451779,37.19143156,28.13144991,77.96491932,51.36905585,18.2700741,11.44523693,10.41066696,59.79879065,42.33373489,23.31923442,92.38369617,21.22128413,53.05318895,71.91334714,20.01377681,15.46951802,2.607660779,92.3118125,24.88763475,8.659969607,69.25241655,57.30182125,114.1684196,87.40466466,166.0688629,90.23220651
"Bricks, tiles and construction products, in baked clay",22.01648876,5.885026831,1.147927295,8.268855992,2.836650497,4.512762257,9.248851312,4.668373609,3.811157793,8.640468784,3.293138702,1.988201803,1.379090726,1.274142714,7.08881655,3.143847098,1.575940389,26.48543548,1.07199917,9.487361629,3.148483595,3.339922305,3.995198594,0.478784973,11.43770627,2.876715663,2.890992148,9.138073906,7.719726694,46.45645382,12.3940389,23.5486739,36.71653114
"Cement, lime and plaster",0,0,0,0,0,0,0,0,0,0,0,0,0,0,0,0,0,0,0,0,0,0,0,0,0,0,0,0,0,0,0,0,0
"Ash for treatment, Re-processing of ash into clinker",0,0,0,0,0,0,0,0,0,0,0,0,0,0,0,0,0,0,0,0,0,0,0,0,0,0,0,0,0,0,0,0,0
Other non-metallic mineral products,81.27048143,52.23640744,3.14924219,25.29262602,16.23211797,58.02312403,55.59429324,32.66049218,13.39505948,63.51900204,52.60419056,9.306916669,5.503818805,6.321722421,39.66068095,36.00667219,7.798330541,89.47689389,15.94301385,43.05452611,52.32953963,9.053611165,5.269529668,1.691363067,88.58002267,30.19191642,14.1198241,38.23331973,16.18422815,112.562415,81.20781507,154.2948486,88.96291206
Basic iron and steel and of ferro-alloys and first products thereof,0,0,0,0,0,0,0,0,0,0,0,0,0,0,0,0,0,0,0,0,0,0,0,0,0,0,0,0,0,0,0,0,0
"Secondary steel for treatment, Re-processing of secondary steel into new steel",0,0,0,0,0,0,0,0,0,0,0,0,0,0,0,0,0,0,0,0,0,0,0,0,0,0,0,0,0,0,0,0,0
Precious metals,8.412658918,8.968159979,2.122812773,10.93250409,3.215694209,3.38149875,5.879380983,4.019760212,6.637301807,6.382630157,5.412729338,5.414213397,4.294768682,3.633642508,7.812905096,9.553838995,4.726750324,9.484649319,2.546006386,11.24424239,5.309275903,3.346673068,6.073338213,2.686642404,5.976157136,5.665016701,4.863048658,7.860868803,6.915502319,10.02003028,7.888679607,14.98849125,7.91926037
"Secondary preciuos metals for treatment, Re-processing of secondary preciuos metals into new preciuos metals",0,0,0,0,0,0,0,0,0,0,0,0,0,0,0,0,0,0,0,0,0,0,0,0,0,0,0,0,0,0,0,0,0
Aluminium and aluminium products,2.80421964,2.98938666,0.707604258,3.64416803,1.07189807,1.12716625,1.959793661,1.339920071,2.212433935,2.127543385,1.804243112,1.804737799,1.431589561,1.211214169,2.604301698,3.184612998,1.575583441,3.161549773,0.848668796,3.748080796,1.769758634,1.115557689,2.024446071,0.895547468,1.992052378,1.8883389,1.621016219,2.620289602,2.30516744,3.340010091,2.629559869,4.996163751,2.639753456
"Secondary aluminium for treatment, Re-processing of secondary aluminium into new aluminium",0,0,0,0,0,0,0,0,0,0,0,0,0,0,0,0,0,0,0,0,0,0,0,0,0,0,0,0,0,0,0,0,0
"Lead, zinc and tin and products thereof",0,0,0,0,0,0,0,0,0,0,0,0,0,0,0,0,0,0,0,0,0,0,0,0,0,0,0,0,0,0,0,0,0
"Secondary lead for treatment, Re-processing of secondary lead into new lead",0,0,0,0,0,0,0,0,0,0,0,0,0,0,0,0,0,0,0,0,0,0,0,0,0,0,0,0,0,0,0,0,0
Copper products,0,0,0,0,0,0,0,0,0,0,0,0,0,0,0,0,0,0,0,0,0,0,0,0,0,0,0,0,0,0,0,0,0
"Secondary copper for treatment, Re-processing of secondary copper into new copper",0,0,0,0,0,0,0,0,0,0,0,0,0,0,0,0,0,0,0,0,0,0,0,0,0,0,0,0,0,0,0,0,0
Other non-ferrous metal products,2.80421964,2.98938666,0.707604258,3.64416803,1.07189807,1.12716625,1.959793661,1.339920071,2.212433935,2.127543385,1.804243112,1.804737799,1.431589561,1.211214169,2.604301698,3.184612998,1.575583441,3.161549773,0.848668796,3.748080796,1.769758634,1.115557689,2.024446071,0.895547468,1.992052378,1.8883389,1.621016219,2.620289602,2.30516744,3.340010091,2.629559869,4.996163751,2.639753456
"Secondary other non-ferrous metals for treatment, Re-processing of secondary other non-ferrous metals into new other non-ferrous metals",0,0,0,0,0,0,0,0,0,0,0,0,0,0,0,0,0,0,0,0,0,0,0,0,0,0,0,0,0,0,0,0,0
Foundry work services,2.80421964,2.98938666,0.707604258,3.64416803,1.07189807,1.12716625,1.959793661,1.339920071,2.212433935,2.127543385,1.804243112,1.804737799,1.431589561,1.211214169,2.604301698,3.184612998,1.575583441,3.161549773,0.848668796,3.748080796,1.769758634,1.115557689,2.024446071,0.895547468,1.992052378,1.8883389,1.621016219,2.620289602,2.30516744,3.340010091,2.629559869,4.996163751,2.639753456
"Fabricated metal products, except machinery and equipment (28)",96.02989888,66.18570816,9.975934796,41.09742032,26.21365383,51.29701232,40.21614178,30.3990494,40.0797145,47.55655821,33.68003434,15.66374479,10.71103783,14.10352874,39.69095486,37.89977996,10.0637873,89.67429873,14.44081888,57.61203868,54.32980278,13.24846126,23.64164188,6.509306159,56.8629745,34.34370537,25.81300721,28.32580544,108.5513933,79.92674797,73.47780444,139.6078284,63.16954243
Machinery and equipment n.e.c. (29),547.8172145,370.4263032,51.05857654,302.0701805,130.6222039,256.8395571,297.7414273,145.4034522,296.0939805,366.4997151,281.5503073,119.7079607,71.89016029,89.01237302,256.4970689,268.9748889,75.27478442,603.2152143,90.93985454,326.8686917,324.5566005,82.07580058,184.3794342,38.16498402,359.7803835,200.2328835,128.8052405,276.2683145,412.0125362,504.611787,472.8228685,898.3634501,398.8163725
Office machinery and computers (30),36.08329064,20.32631082,1.605367688,12.68439545,7.177067801,23.59272646,27.85026707,11.83093598,9.140386053,28.97596337,18.06048123,6.739846816,3.739969693,2.385600404,18.54264553,8.732270823,6.831225754,35.37576965,6.30727016,20.38706224,34.16038331,4.545045408,5.54278816,1.469991632,59.55991186,8.868957122,9.903627485,26.36928151,15.94805527,55.0219548,38.18035304,72.54267078,43.48621453
Electrical machinery and apparatus n.e.c. (31),87.20022917,107.6085008,4.421323133,12.0753933,9.504336092,36.580023,64.77807607,9.584699525,20.01512204,49.69954585,20.27690877,8.080123875,5.29735678,14.08355941,29.2037803,30.5157743,2.919589241,67.27850805,9.8906295,18.700736,78.77883003,3.768583721,23.45709068,1.356105449,29.00285389,41.31399565,6.701359862,46.62582683,28.00737147,69.58454621,221.4597007,420.7734313,54.9956561
"Radio, television and communication equipment and apparatus (32)",532.3279739,751.3800582,119.7716753,678.901206,247.4435541,627.4650862,650.8247858,306.3319249,429.8817725,682.4118946,507.179083,404.5064517,234.5891458,287.2011428,813.0783024,538.8641888,192.1207744,1235.82405,280.3264472,494.6159022,847.694996,242.2644687,393.7807583,122.2524339,995.3592994,593.3774693,389.7678378,710.351379,455.9846396,998.5711959,1268.644268,2410.424109,789.213713
"Medical, precision and optical instruments, watches and clocks (33)",241.1923612,175.3191497,21.79503248,108.9861118,57.77564902,218.4531417,193.0921524,96.476614,76.88865247,211.7529859,142.5033725,64.16070791,37.67047667,28.54406387,178.6102123,138.5858581,48.50663646,292.7970874,60.61425639,181.2289461,164.554118,43.78841127,65.48000007,15.53934236,272.4727695,85.86923033,62.1789,155.9170571,179.6295011,322.4211606,294.7788862,560.0798838,254.8232938
"Motor vehicles, trailers and semi-trailers (34)",1329.809878,1314.791796,13.65491552,449.2281306,153.468538,1113.627114,852.2484756,300.2358592,510.3798412,1123.386257,1047.729695,148.1644669,91.01907538,89.97693655,1342.342266,409.6690431,82.09132676,3005.187411,141.7398157,728.3317097,871.952503,65.34862201,493.362414,12.25184598,1065.414179,718.5341783,381.1640415,1008.722559,1744.672253,2222.00724,1060.459638,2014.873312,1756.147775
Other transport equipment (35),296.6759033,322.590684,7.020208008,77.58587807,31.98907874,209.0369342,212.2098205,51.45134604,97.31125107,235.6267387,178.1642484,31.19096819,20.6809601,32.10907413,230.1068333,104.9171588,15.0819938,546.3079097,39.02775817,117.100187,223.445987,13.38152556,105.4132193,2.811132586,194.1061439,156.9800795,60.92832909,212.5005574,265.829364,415.2028851,431.3693525,819.6017697,328.1526765
Furniture; other manufactured goods n.e.c. (36),1319.193801,925.0965316,64.26880308,430.4556702,280.4115551,769.3117235,1105.50121,383.6496571,272.5421002,825.8551491,510.6800579,115.0875022,83.32743576,110.3037976,682.0186129,441.2411948,148.2743031,1816.778484,202.8606594,761.0810942,836.9031353,182.0413865,183.3024669,31.78046881,957.8985645,435.7348246,224.2813651,1240.638011,741.9072612,1207.225674,1262.845777,2399.406977,954.1223104
Secondary raw materials,8.007612718,5.485235442,0.35411449,2.196509812,1.280590745,3.594438251,5.950232772,1.811804161,1.169233875,2.695299736,2.213415218,0.320728223,0.230939028,0.644459277,2.420390497,1.723600275,0.588383421,11.76636899,0.977155033,4.119735984,4.653481034,0.863326175,0.687574223,0.096637808,4.747911914,2.22384161,1.45978321,7.416811825,4.530304322,5.023207834,7.623634223,14.48490502,3.970056939
"Bottles for treatment, Recycling of bottles by direct reuse",0,0,0,0,0,0,0,0,0,0,0,0,0,0,0,0,0,0,0,0,0,0,0,0,0,0,0,0,0,0,0,0,0
Electricity by coal,44.61099433,5.09749473,705.3392025,0,923.166321,860.0230875,653.0313772,0,62.6880202,379.3301605,45.68128974,454.7412671,199.6369732,251.0145684,110.6209084,147.2523277,0,0,0.090513719,0,267.1908843,1096.69279,168.5943003,167.8077525,16.16861314,951.2975876,185.1137107,91.28433032,0,0,0,0,0
Electricity by gas,649.9253168,1454.565934,117.0596104,0,167.6529072,587.0202296,162.3067112,21.97358503,683.0753468,421.033927,365.8954539,1092.874228,491.5698299,666.142733,2453.611382,1236.229666,447.3841827,1251.33359,598.1214635,2958.796984,2225.330885,163.821664,953.7957198,178.8197202,18.58183898,129.818053,352.5138489,1916.296551,0,662.0404388,37.65471457,71.54395769,0
Electricity by nuclear,0,1886.620771,868.6277513,0,864.7127069,412.0676939,0,0,580.55559,2558.699075,3795.023408,0,892.6175128,0,0,0,0,0,0,0,121.8262839,0,0,205.6769507,2424.10735,1375.192935,1445.842237,889.3433717,0,0,1495.883082,2842.177856,0
Electricity by hydro,2669.407758,15.24353613,154.8160633,0,56.8384467,119.8392827,2.286990031,0.294589518,317.6718081,1673.445378,663.1302775,233.0259445,15.05427084,1129.297058,136.9070106,473.0975781,70.06784713,594.539014,682.090805,0,2.217056201,20.17241333,694.510572,275.1525973,3578.992241,1101.059586,445.0506453,113.2110941,0,25879.7626,2319.417171,4406.892624,16414.99957
Electricity by wind,427.5329275,691.6265929,77.01274248,211.1837027,19.84266295,861.9456428,2518.341257,370.8613469,549.0912528,844.6482562,419.1724256,547.699269,36.44748434,316.8890886,1663.47055,186.3991449,423.283244,1631.364865,44.02126524,0.098322501,465.7841651,156.5191237,678.5515533,124.7067464,1316.827182,1.354432815,0.932415789,1266.210695,0,0,0,0,0
Electricity by petroleum and other oil derivatives,202.3017412,197.9602795,23.11995053,3346.352518,86.39483156,144.1916503,158.7350041,1705.076325,158.3450397,361.4284535,123.1530167,358.5764026,19.39006415,8.638181918,242.0027666,156.3018156,50.74322661,494.5968891,0,30.69018203,167.670559,44.42059801,57.01773255,12.62507981,141.7528859,2.745424962,0,128.4573436,0,0,0,0,3.658889867
Electricity by biomass and waste,253.2508828,288.7579459,77.79184934,46.66941459,141.1724811,322.3484449,784.9471848,550.8435749,67.63302502,1182.990673,87.36601865,19.32600998,132.7350654,176.8064263,126.3315406,188.7080517,157.9825716,1393.153233,213.6711467,15.17556946,233.4336059,68.16103349,219.4645928,10.12653741,515.8999757,61.9372562,180.3100781,608.7409497,0,0,186.9146057,355.1377509,0
Electricity by solar photovoltaic,78.74402556,257.3723459,81.83323549,163.6357833,62.96874576,326.8344073,190.3977648,16.59211633,206.6580451,9.939755733,140.928686,267.9181004,89.97689594,16.21533733,2.492930746,261.7888044,23.65263801,767.2204989,0.335929926,321.3721801,236.5074633,20.7505967,79.8007453,31.63623697,19.64365835,62.89413597,56.60593715,229.1909934,0,0,119.5324849,227.1117213,0
Electricity by solar thermal,0,0,0,0,0,0,0,0,0,0,0,0,0,0,0,0,0,0,0,0,0,0,0,0,0,0,0,0,0,381.1747981,0,0,0
"Electricity by tide, wave, ocean",0,0,0,0,0,0,0,0,0,0,0,0,0,0,0,0,0,0,0,0,0,0,0,0,0,0,0,0,0,0,0,0,0
Electricity by Geothermal,0.014981957,0,0,0,0,1.281703558,0,0,0.259395538,0,6.5139011,0,1.013553743,11.69848227,0,59.53213495,0,0,0,0,0,0,12.68929763,0,0,0,13.42660785,0.159581643,0,0,0,0,7340.952704
Electricity nec,0,0,0,0,0,0,0,0,0,0,0,0,0,0,0,0,0,0,0,0,0,0,0,0,0,0,0,0,0,0,0,0,0
Transmission services of electricity,0,0,0,0,0,0,0,0,0,0,0,0,0,0,0,0,0,0,0,0,0,0,0,0,0,0,0,0,0,0,0,0,0
Distribution and trade services of electricity,0,0,0,0,0,0,0,0,0,0,0,0,0,0,0,0,0,0,0,0,0,0,0,0,0,0,0,0,0,0,0,0,0
Coke oven gas,0,0,0,0,0,0,0,0,0,0,0,0,0,0,0,0,0,0,0,0,0,0,0,0,0,0,0,0,0,0,0,0,0
Blast Furnace Gas,0,0,0,0,0,0,0,0,0,0,0,0,0,0,0,0,0,0,0,0,0,0,0,0,0,0,0,0,0,0,0,0,0
Oxygen Steel Furnace Gas,0,0,0,0,0,0,0,0,0,0,0,0,0,0,0,0,0,0,0,0,0,0,0,0,0,0,0,0,0,0,0,0,0
Gas Works Gas,0,0,0,0,0,0,0,0,0,0,0,0,0,0,0,0,0,0,0,0,0,0,0,0,0,0,0,0,0,0,0,0,0
Biogas,8.800895397,20.10049987,0.481507197,3.960374825,12.62238971,17.29364667,6.905516338,1.664130145,12.25686254,0,8.832532944,3.440358938,13.96421938,11.66018632,13.80137582,31.61748996,3.646733126,30.75453405,3.782534113,4.823489817,64.38635388,6.786529904,13.9742966,8.447554627,0,7.926354561,16.00346264,31.47642297,16.14892994,0,6.721250996,12.77037689,0
Distribution services of gaseous fuels through mains,219.1851639,502.5124967,12.03767992,99.0093706,315.5597427,426.9803631,172.6379084,41.60325362,306.4215635,0,220.8133236,86.00897345,349.1054845,291.504658,345.0343954,790.437249,91.16832815,768.8633514,94.56335284,120.5872455,1609.658848,169.6632475,349.357415,211.1888657,0,198.158864,400.0865658,786.9105742,387.5743186,914.6658538,167.3918886,318.0445883,0
Steam and hot water supply services,194.6614292,7.30467207,79.19114638,4.277090855,252.4914143,122.5199054,896.5917788,264.0788494,8.021553417,84.69189462,8.119695112,3.876946757,94.4381167,55.46213922,2.723440214,10.53503925,340.7497544,7.113030213,272.9726401,2.450687433,9.549259995,192.4810341,4.28191953,45.01940045,80.61456679,161.2917871,337.0141667,7.178757249,3.487076829,6.620435801,30.69418274,58.31894721,1128.718284
"Collected and purified water, distribution services of water (41)",13.79658209,7.30467207,1.312054947,4.277090855,2.363246966,7.623790038,8.124451695,2.984495587,8.021553417,15.30046101,8.119695112,3.876946757,3.441816823,2.957554925,2.723440214,10.53503925,1.383575442,7.113030213,2.85819373,2.450687433,9.549259995,5.379165865,4.28191953,1.557104138,4.728946379,6.034942712,4.931508484,7.178757249,3.487076829,6.620435801,16.34093345,31.04777356,5.232414816
Construction work (45),453.2806511,121.1623171,23.63379724,170.2411528,58.40162789,92.90981117,190.417527,96.11357433,78.46501338,178.1253956,67.79991445,40.93356652,28.39304436,26.23235001,145.9462231,64.72626378,32.44583154,545.2883776,22.07057114,195.3280335,64.82172107,68.76310626,82.25408867,9.857337683,235.4821879,59.22649893,59.52042658,188.1368158,158.9355496,956.4564022,255.171389,484.8256391,755.9285824
"Secondary construction material for treatment, Re-processing of secondary construction material into aggregates",0,0,0,0,0,0,0,0,0,0,0,0,0,0,0,0,0,0,0,0,0,0,0,0,0,0,0,0,0,0,0,0,0
"Sale, maintenance, repair of motor vehicles, motor vehicles parts, motorcycles, motor cycles parts and accessoiries",985.3971414,745.681171,29.63294022,399.3285384,114.0300426,316.174187,543.4809164,134.4631561,586.3627878,855.1046541,482.2469764,89.6246115,74.84740773,54.66369373,569.3654458,355.5939652,55.96900258,1488.999983,78.21202266,362.5847029,479.9534016,63.51281415,354.076976,12.03808534,529.1329865,394.379152,170.7751601,624.9140585,643.6740189,1047.020964,775.4223118,1473.302392,827.5056462
Retail trade services of motor fuel,0,0,0,0,0,0,0,0,0,0,0,0,0,0,0,0,0,0,0,0,0,0,0,0,0,0,0,0,0,0,0,0,0
"Wholesale trade and commission trade services, except of motor vehicles and motorcycles (51)",4.001245787,2.757737841,0.41566395,1.712392513,1.092235576,2.137375514,1.675672574,1.266627058,1.669988105,1.981523259,1.403334764,0.652656033,0.446293243,0.587647031,1.653789786,1.579157498,0.41932447,3.736429114,0.601700786,2.400501612,2.263741783,0.552019219,0.985068411,0.27122109,2.369290604,1.430987723,1.075541967,1.180241893,4.522974719,3.330281165,3.061575185,5.816992851,2.632064267
"Retail  trade services, except of motor vehicles and motorcycles; repair services of personal and household goods (52)",52.71043931,32.33166372,2.773355669,22.62441488,12.41898944,36.95446604,52.2675745,18.19966641,15.26942868,46.59693293,26.61817625,10.6483239,5.817930607,4.707740412,27.37645651,15.54089964,11.45230636,50.98894363,9.927298281,30.4496879,47.27734758,8.367752558,8.205614493,2.124517588,76.4143708,11.99648426,12.06465804,36.63323075,33.7274518,76.47136778,56.12408229,106.6357564,60.43860703
Hotel and restaurant services (55),3211.446865,2779.086686,307.8350684,3069.00531,607.5639809,1537.507638,2247.300592,597.0507247,2734.382051,1960.623244,1805.676708,1773.031526,327.9241664,302.5814105,2534.462696,1659.769214,358.8595574,5838.886312,480.0001257,2037.930944,2438.550908,470.2352724,1792.512483,80.97869158,2061.396344,1092.895183,653.7277073,3978.26222,1532.97764,2279.522293,6365.639845,12094.71571,1801.604392
Railway transportation services,87.10818532,125.449764,10.49479806,0,29.03092216,87.18990545,0,14.7414181,55.77025571,182.5406172,237.3239793,39.86036399,20.01482706,59.19419037,96.66028131,134.681489,12.41694952,71.84637118,35.68200786,0.219076298,194.4773303,26.65263298,41.227876,30.92184745,194.030097,0,15.67494073,360.4904817,0.224997045,186.1493624,959.4896749,1823.030382,147.1218377
Other land transportation services,61.69634111,69.71605534,61.66909556,31.2122457,75.82426501,45.7171888,60.64271229,55.49337367,116.7525939,263.8382773,91.08757579,108.0101421,35.6844786,118.4726722,266.244458,85.94132793,75.02168698,79.05569779,85.69496269,159.7544825,79.43642164,66.15458966,92.9535757,72.7651092,208.7243299,51.41817451,134.0715984,193.0966725,582.0939157,354.9429363,345.3158937,656.1001981,280.5266503
Transportation services via pipelines,2.209560412,0,0,0,0,3.253942001,0,0,0,0,0,0,0,0,0,0,0,0,0,1.533534089,0,0,0,0,0,0,0,0,1.574979314,12.22196827,4.063327941,7.720323089,9.659546556
Sea and coastal water transportation services,96.26739064,0,7.480666396,20.77798911,14.03486523,113.0970814,121.7548544,27.38903979,63.67089745,46.90061561,84.03758262,28.06996801,30.88264748,4.440220581,0,11.69824872,0,64.75999488,15.74680811,82.85432508,44.09047763,8.046380573,14.56686399,0,53.1289348,0,18.37855188,63.38866796,20.24973403,284.100661,139.4645648,264.9826732,224.5369569
Inland water transportation services,92.92424165,34.11629513,8.332667627,22.05560029,15.50510458,81.60607118,99.57381738,5.533354569,39.89233249,26.91220522,53.54538111,10.28477895,31.99751678,8.493065763,7.612665954,19.92369847,0.299260686,17.67140454,18.24939922,2.873871848,68.62143077,8.413103347,21.30568167,0,20.9053221,12.42147529,18.85987916,44.99769173,2.410902408,22.74040563,76.12525076,144.6379764,17.97271945
Air transport services (62),0,143.7559989,4.030533676,182.3364959,5.264016694,110.6152446,216.6231017,44.51050239,69.41114793,243.2810301,118.0601587,72.58381334,0,19.17012506,77.73373081,53.1853922,17.76116503,309.1137791,20.45496894,261.8700136,251.8351916,11.97630141,52.3476804,0,32.40249777,14.73617292,19.20712709,331.0127342,45.20986292,492.9179627,394.5759689,749.694341,389.5742408
Supporting and auxiliary transport services; travel agency services (63),981.3691772,575.0787571,70.77298126,97.54171275,136.0065206,517.8400531,495.4108352,161.1558602,227.2718005,373.4929251,15.22335391,40.08832244,90.49304316,51.15717253,279.3054089,139.4486773,37.56546406,810.7275917,72.23316116,235.7249277,348.2894114,108.3933038,79.84023887,34.62556688,1113.706794,149.2836909,139.7276086,957.0390116,170.9591757,728.6631372,864.1343152,1641.855199,575.8937794
Post and telecommunication services (64),285.6992557,645.4391524,101.9421357,590.8024408,184.9311974,379.9034198,401.4655207,219.9059057,368.0046236,566.6531414,412.0478543,352.8048596,197.714861,249.147864,666.9674854,430.2224489,143.1148325,763.1629516,182.7674895,436.3736884,601.2216671,204.8939112,317.8428412,108.4664778,552.854973,498.013775,310.9418072,512.4593845,338.0980171,518.0481005,1064.380312,2022.322593,409.4356683
"Financial intermediation services, except insurance and pension funding services (65)",38.78937548,81.19956417,0.256561509,1.606120542,54.31885207,61.72330285,165.6509889,11.65975104,1.406131012,298.1513145,162.3355866,0.805419916,23.01511557,36.59867495,126.2052221,3.254111134,12.43292091,196.1783234,8.62922291,26.45782455,268.3327888,8.669502024,1.041146533,5.226339392,72.55118069,117.2081501,11.89357699,36.99810255,1.901110368,45.5816805,345.0749552,655.6424148,36.02516021
"Insurance and pension funding services, except compulsory social security services (66)",1052.43603,1497.938361,29.7178211,684.9550909,151.2957828,1012.680658,1610.77799,116.1817345,688.8369874,935.7744719,1515.596195,245.9764621,132.9309994,245.2898443,1682.966332,822.2554057,88.0059306,1833.492228,85.99675342,571.1926745,2367.706576,92.77989854,285.5417952,13.57932872,794.4181574,902.5382269,437.9219584,832.2028033,103.7799813,881.5813382,2538.832192,4823.781164,696.7516028
Services auxiliary to financial intermediation (67),299.1382396,476.0940229,13.15175252,153.6060547,41.28583634,151.5268102,278.795776,33.66184726,147.2181176,669.649062,439.9573345,63.09907167,35.61365032,58.17779504,315.1897311,230.4292016,18.0192543,418.2859979,17.19701406,305.1248274,424.1972871,22.61171839,76.93434323,4.454402115,160.0366262,181.9743651,73.17193281,229.7822968,80.8214001,167.3376694,750.8252904,1426.568052,132.2541487
Real estate services (70),5794.010589,8170.77051,1275.671274,6327.057868,602.9004845,8606.91531,8848.138869,236.9411915,7199.548999,8085.224529,7230.669836,3727.270867,2496.42961,3269.302923,10516.08654,8850.274378,2914.235027,17244.94795,1204.499251,439.6494027,8654.748925,2028.008755,5023.420519,1412.570824,9019.832513,3636.360776,1977.596726,3663.213306,3474.196394,10721.33501,11605.0495,22049.59406,8473.531627
Renting services of machinery and equipment without operator and of personal and household goods (71),452.0789566,743.6971151,13.84501999,285.7342488,23.89138942,264.1621288,424.46495,28.41773518,292.7059894,314.568539,297.0661982,133.309131,26.18448226,76.22468277,270.6280051,336.4318829,15.83536056,768.0685188,47.99723264,98.16694404,583.8486398,22.24514044,322.899742,9.385073679,131.7031503,201.8489734,7.821568344,364.7245835,103.2195352,394.3741431,1351.365272,2567.594018,311.6908269
Computer and related services (72),17.42469203,9.22937243,1.340440905,57.37717312,2.401806084,11.26562452,9.169081973,5.656524531,16.54431582,1.598013002,7.747785153,22.81577662,2.798198306,5.134573085,33.63287321,7.695400427,2.764354142,22.59635247,5.07785464,25.40693594,22.51481271,3.941628891,19.64070604,0.779461445,3.05981792,8.051941413,3.765597203,22.30916303,19.93593993,4.88227572,26.20500341,49.78950648,3.858672236
Research and development services (73),4.356173007,2.307343108,0.335110226,14.34429328,0.600451521,2.81640613,2.292270493,1.414131133,4.136078953,0.39950325,1.936946289,5.703944155,0.699549577,1.283643271,8.408218302,1.923850107,0.691088535,5.649088118,1.26946366,6.351733986,5.628703177,0.985407223,4.91017651,0.194865361,0.76495448,2.012985354,0.941399301,5.577290758,4.983984984,1.22056893,6.551250853,12.44737662,0.964668059
Other business services (74),22.40849613,38.85972312,1.313592582,4.818361625,2.119814281,6.292130567,13.97002306,2.449799966,6.574959575,65.62757806,25.24319057,6.884424125,1.21950711,1.653305179,8.611759891,12.72053753,0.352471375,29.48374531,1.215622112,27.72738077,22.80464624,1.602549898,3.123439598,0.167654586,27.06888983,9.445184144,1.902328732,22.81176334,5.703331103,44.2601975,102.2065773,194.1924969,34.98073542
Public administration and defence services; compulsory social security services (75),423.9158135,510.741848,17.74820114,559.8154855,59.58981629,359.7474841,520.5291632,70.11048557,305.0335623,327.1743029,501.8033258,215.6390327,56.86274734,104.0633861,697.07157,294.1833211,42.82458942,678.4147691,56.698762,343.8474956,822.767543,51.97543885,207.9074281,8.943047479,249.9138767,312.157706,149.5760335,387.7850585,160.7691405,285.9945574,923.8203178,1755.258604,226.0337845
Education services (80),304.9321104,161.5140176,23.45771584,1004.10053,42.03160646,197.1484291,160.4589346,98.98917927,289.5255267,27.96522753,135.5862402,399.2760908,48.96847035,89.85502897,588.5752811,134.6695075,48.37619749,395.4361683,88.8624562,444.621379,394.0092224,68.97850556,343.7123556,13.64057529,53.54681361,140.9089748,65.89795106,390.4103531,348.8789489,85.4398251,458.5875597,871.3163634,67.52676412
Health and social work services (85),1610.186235,1771.233918,196.5095245,2075.334197,353.1425486,1507.32541,1319.573964,490.5364415,1279.544117,1358.255098,1396.983184,1354.026845,338.4538999,450.3642023,1282.821157,1642.29146,420.5933077,2003.430016,532.3529612,1544.428543,916.693669,442.149964,1014.793534,206.7873639,1089.278216,659.4779399,327.4485362,1060.801463,727.2732373,1883.010467,3313.10415,6294.897886,1488.224063
Food waste for treatment: incineration,110.3726567,58.43737656,10.49643958,34.21672684,18.90597573,60.9903203,64.99561357,23.8759647,64.17242734,122.403688,64.9575609,31.01557406,27.53453458,23.66043939,21.7875217,84.28031402,11.06860354,56.9042417,22.86554984,19.60549946,76.39407996,43.03332692,34.25535624,12.4568331,37.83157104,48.27954169,39.45206787,57.430058,27.89661463,52.96348641,130.7274676,248.3821884,41.85931853
Paper waste for treatment: incineration,110.3726567,58.43737656,10.49643958,34.21672684,18.90597573,60.9903203,64.99561357,23.8759647,64.17242734,122.403688,64.9575609,31.01557406,27.53453458,23.66043939,21.7875217,84.28031402,11.06860354,56.9042417,22.86554984,19.60549946,76.39407996,43.03332692,34.25535624,12.4568331,37.83157104,48.27954169,39.45206787,57.430058,27.89661463,52.96348641,130.7274676,248.3821884,41.85931853
Plastic waste for treatment: incineration,124.1692388,65.74204863,11.80849452,38.49381769,21.2692227,68.61411035,73.12006525,26.86046029,72.19398075,137.7041491,73.07725602,34.89252082,30.9763514,26.61799432,24.51096193,94.81535328,12.45217898,64.01727192,25.72374357,22.0561869,85.94333996,48.41249279,38.53727576,14.01393724,42.56051741,54.3144844,44.38357636,64.60881524,31.38369147,59.58392221,147.0684011,279.429962,47.09173334
Intert/metal waste for treatment: incineration,193.1521492,102.265409,18.36876926,59.87927197,33.08545753,106.7330605,113.7423237,41.78293823,112.3017478,214.2064541,113.6757315,54.27725461,48.18543552,41.40576894,38.12816299,147.4905496,19.37005618,99.58242298,40.01471222,34.30962407,133.68964,75.30832212,59.94687341,21.79945793,66.2052493,84.48919797,69.04111876,100.5026015,48.81907561,92.68610121,228.7730683,434.6688298,73.25380742
Textiles waste for treatment: incineration,124.1692388,65.74204863,11.80849452,38.49381769,21.2692227,68.61411035,73.12006525,26.86046029,72.19398075,137.7041491,73.07725602,34.89252082,30.9763514,26.61799432,24.51096193,94.81535328,12.45217898,64.01727192,25.72374357,22.0561869,85.94333996,48.41249279,38.53727576,14.01393724,42.56051741,54.3144844,44.38357636,64.60881524,31.38369147,59.58392221,147.0684011,279.429962,47.09173334
Wood waste for treatment: incineration,124.1692388,65.74204863,11.80849452,38.49381769,21.2692227,68.61411035,73.12006525,26.86046029,72.19398075,137.7041491,73.07725602,34.89252082,30.9763514,26.61799432,24.51096193,94.81535328,12.45217898,64.01727192,25.72374357,22.0561869,85.94333996,48.41249279,38.53727576,14.01393724,42.56051741,54.3144844,44.38357636,64.60881524,31.38369147,59.58392221,147.0684011,279.429962,47.09173334
Oil/hazardous waste for treatment: incineration,137.9658209,73.0467207,13.12054947,42.77090855,23.63246966,76.23790038,81.24451695,29.84495587,80.21553417,153.0046101,81.19695112,38.76946757,34.41816823,29.57554925,27.23440214,105.3503925,13.83575442,71.13030213,28.5819373,24.50687433,95.49259995,53.79165865,42.8191953,15.57104138,47.28946379,60.34942712,49.31508484,71.78757249,34.87076829,66.20435801,163.4093345,310.4777356,52.32414816
Food waste for treatment: biogasification and land application,0,0,0,0,0,0,0,0,0,0,0,0,0,0,0,0,0,0,0,0,0,0,0,0,0,0,0,0,0,0,0,0,0
Paper waste for treatment: biogasification and land application,0,0,0,0,0,0,0,0,0,0,0,0,0,0,0,0,0,0,0,0,0,0,0,0,0,0,0,0,0,0,0,0,0
Sewage sludge for treatment: biogasification and land application,0,0,0,0,0,0,0,0,0,0,0,0,0,0,0,0,0,0,0,0,0,0,0,0,0,0,0,0,0,0,0,0,0
Food waste for treatment: composting and land application,0,0,0,0,0,0,0,0,0,0,0,0,0,0,0,0,0,0,0,0,0,0,0,0,0,0,0,0,0,0,0,0,0
Paper and wood waste for treatment: composting and land application,0,0,0,0,0,0,0,0,0,0,0,0,0,0,0,0,0,0,0,0,0,0,0,0,0,0,0,0,0,0,0,0,0
Food waste for treatment: waste water treatment,0,0,0,0,0,0,0,0,0,0,0,0,0,0,0,0,0,0,0,0,0,0,0,0,0,0,0,0,0,0,0,0,0
Other waste for treatment: waste water treatment,0,0,0,0,0,0,0,0,0,0,0,0,0,0,0,0,0,0,0,0,0,0,0,0,0,0,0,0,0,0,0,0,0
Food waste for treatment: landfill,110.3726567,58.43737656,10.49643958,34.21672684,18.90597573,60.9903203,64.99561357,23.8759647,64.17242734,122.403688,64.9575609,31.01557406,27.53453458,23.66043939,21.7875217,84.28031402,11.06860354,56.9042417,22.86554984,19.60549946,76.39407996,43.03332692,34.25535624,12.4568331,37.83157104,48.27954169,39.45206787,57.430058,27.89661463,52.96348641,130.7274676,248.3821884,41.85931853
Paper for treatment: landfill,68.98291045,36.52336034,6.560274733,21.38545428,11.81623483,38.11895019,40.62225847,14.92247794,40.10776709,76.50230506,40.59847556,19.38473379,17.20908411,14.78777462,13.61720107,52.67519626,6.917877213,35.56515106,14.29096865,12.25343716,47.74629997,26.89582933,21.40959765,7.785520689,23.6447319,30.17471356,24.65754242,35.89378625,17.43538415,33.102179,81.70466725,155.2388678,26.16207408
Plastic waste for treatment: landfill,13.79658209,7.30467207,1.312054947,4.277090855,2.363246966,7.623790038,8.124451695,2.984495587,8.021553417,15.30046101,8.119695112,3.876946757,3.441816823,2.957554925,2.723440214,10.53503925,1.383575442,7.113030213,2.85819373,2.450687433,9.549259995,5.379165865,4.28191953,1.557104138,4.728946379,6.034942712,4.931508484,7.178757249,3.487076829,6.620435801,16.34093345,31.04777356,5.232414816
Inert/metal/hazardous waste for treatment: landfill,193.1521492,102.265409,18.36876926,59.87927197,33.08545753,106.7330605,113.7423237,41.78293823,112.3017478,214.2064541,113.6757315,54.27725461,48.18543552,41.40576894,38.12816299,147.4905496,19.37005618,99.58242298,40.01471222,34.30962407,133.68964,75.30832212,59.94687341,21.79945793,66.2052493,84.48919797,69.04111876,100.5026015,48.81907561,92.68610121,228.7730683,434.6688298,73.25380742
Textiles waste for treatment: landfill,13.79658209,7.30467207,1.312054947,4.277090855,2.363246966,7.623790038,8.124451695,2.984495587,8.021553417,15.30046101,8.119695112,3.876946757,3.441816823,2.957554925,2.723440214,10.53503925,1.383575442,7.113030213,2.85819373,2.450687433,9.549259995,5.379165865,4.28191953,1.557104138,4.728946379,6.034942712,4.931508484,7.178757249,3.487076829,6.620435801,16.34093345,31.04777356,5.232414816
Wood waste for treatment: landfill,13.79658209,7.30467207,1.312054947,4.277090855,2.363246966,7.623790038,8.124451695,2.984495587,8.021553417,15.30046101,8.119695112,3.876946757,3.441816823,2.957554925,2.723440214,10.53503925,1.383575442,7.113030213,2.85819373,2.450687433,9.549259995,5.379165865,4.28191953,1.557104138,4.728946379,6.034942712,4.931508484,7.178757249,3.487076829,6.620435801,16.34093345,31.04777356,5.232414816
Membership organisation services n.e.c. (91),106.6596401,87.12709876,8.634985161,66.22750488,32.39868643,144.3978005,208.308953,51.21669424,76.06752315,88.47175633,104.8162157,34.10326352,21.35284485,34.86585727,224.1205961,58.68933085,22.4883465,129.7191546,26.4024902,50.86187583,144.4309977,18.22868472,22.20636247,9.403118015,146.9364149,64.09779736,34.45094286,192.2104834,24.81826841,171.8874433,263.2546913,500.1839134,135.8500304
"Recreational, cultural and sporting services (92)",959.7707227,852.6965868,66.9269979,492.7310732,276.9274346,1109.363224,1600.043329,423.9763625,547.8958511,980.216379,839.8609628,276.7175304,160.678873,235.0121507,1589.976995,512.6809059,177.2159593,1208.647989,224.0578644,515.6907673,1201.722308,160.5607451,188.9614302,64.20865857,1298.69357,550.1588958,246.3105023,1486.657251,178.1118814,1634.913281,2359.435928,4482.928263,1292.142199
Other services (93),118.7535107,150.8434634,7.402908353,44.3001179,7.875489442,0,118.8321074,9.980444123,37.45432188,281.4690481,156.6664848,16.27729804,12.34383102,13.9322758,155.041521,63.12378537,4.688422949,131.658351,4.067132791,95.6210455,71.78825278,5.999196373,60.13141129,2.244889769,56.19306968,30.91808137,6.801946847,117.8370702,33.04243145,137.3828735,257.0085832,488.316308,108.5795867
Private households with employed persons (95),249.213851,249.5970441,14.21794291,199.8791099,7.856627137,49.94018164,463.797544,16.7144285,165.9861878,289.6688459,368.7638465,63.88870549,28.60987089,27.32016492,580.8492932,148.3472859,16.63388179,509.3723354,12.70755981,26.32147381,273.0266082,16.75860978,273.9294995,9.842949737,171.6618218,54.28469484,11.09918822,341.9341706,50.16104612,523.1875481,481.3533891,914.5714393,413.4975945
Extra-territorial organizations and bodies,0,0,0,0,0,0,0,0,0,0,0,0,0,0,0,0,0,0,0,0,0,0,0,0,0,0,0,0,0,0,0,0,0
