0,Austria,Belgium,Bulgaria,Cyprus,Czechia,Germany,Denmark,Estonia,Spain,Finland,France,Greece,Hungary,Croatia,Ireland,Italy,Lithuania,Luxembourg,Latvia,Malta,Netherlands,Poland,Portugal,Romania,Sweden,Slovenia,Slovakia,United Kingdom,Norway,Switzerland,Liechtenstein,Iceland
Paddy rice,0,0,0,0,0,0,0,0,0,0,0,0,0,0,0,0,0,0,0,0,0,0,0,0,0,0,0,0,0,0,0,0
Wheat,27.80361685,35.9528076,12.28454954,34.80284475,12.41157305,26.96977462,32.64911939,15.33607665,28.30193566,20.83314614,31.54533415,21.33651669,11.81225545,16.98137144,33.63657246,38.91624601,14.39173887,27.08111928,15.24261134,29.97759441,28.36856569,14.1983146,18.66504722,13.30057373,24.04750236,17.91470112,15.8921554,26.45917477,32.77458625,42.36053035,80.48500767,28.6550289
Cereal grains nec,0,0,0,0,0,0,0,0,0,0,0,0,0,0,0,0,0,0,0,0,0,0,0,0,0,0,0,0,0,0,0,0
"Vegetables, fruit, nuts",441.0051051,583.6147132,267.6813732,668.3257479,225.0977876,465.6409941,776.4463185,344.6946819,622.0295715,471.6256109,680.770922,524.8081027,265.150747,331.6077768,724.2535008,891.1266555,298.5393393,564.9778818,372.6169475,646.0535548,612.9592055,284.5774958,422.8747773,281.7963647,514.9264039,485.9942311,284.1094771,606.6813039,728.137039,1022.484903,1942.721316,636.6148375
Oil seeds,3.042522008,2.757219578,1.427253882,2.699314326,1.703353395,2.761309034,3.332479569,1.459322372,2.632020877,2.070651607,2.269103009,5.333727953,1.518606187,2.003946763,2.731167256,4.299375714,2.387106812,2.175860563,1.834670264,2.658112464,1.789654645,2.030287089,2.56712549,1.337866626,2.084386286,2.348783165,1.892675795,2.189830179,2.301986775,3.280173963,6.23233053,2.012641657
"Sugar cane, sugar beet",0,0,0,0,0,0,0,0,0,0,0,0,0,0,0,0,0,0,0,0,0,0,0,0,0,0,0,0,0,0,0,0
Plant-based fibers,0,0,0,0,0,0,0,0,0,0,0,0,0,0,0,0,0,0,0,0,0,0,0,0,0,0,0,0,0,0,0,0
Crops nec,4.633936141,5.9921346,2.047424924,5.800474126,2.068595508,4.494962437,5.441519899,2.556012775,4.716989277,3.472191025,5.257555693,3.556086115,1.968709242,2.830228574,5.606095411,6.486041002,2.398623145,4.51351988,2.540435222,4.996265735,4.728094282,2.366385767,3.110841203,2.216762288,4.00791706,2.985783519,2.648692566,4.409862461,5.462431041,7.060088392,13.41416794,4.77583815
Cattle,0,0,0,0,0,0,0,0,0,0,0,0,0,0,0,0,0,0,0,0,0,0,0,0,0,0,0,0,0,0,0,0
Pigs,0,0,0,0,0,0,0,0,0,0,0,0,0,0,0,0,0,0,0,0,0,0,0,0,0,0,0,0,0,0,0,0
Poultry,0,0,0,0,0,0,0,0,0,0,0,0,0,0,0,0,0,0,0,0,0,0,0,0,0,0,0,0,0,0,0,0
Meat animals nec,0,0,0,0,0,0,0,0,0,0,0,0,0,0,0,0,0,0,0,0,0,0,0,0,0,0,0,0,0,0,0,0
Animal products nec,0,0,0,0,0,0,0,0,0,0,0,0,0,0,0,0,0,0,0,0,0,0,0,0,0,0,0,0,0,0,0,0
Raw milk,3.658755439,4.162815251,2.155808283,5.526214333,2.30149412,3.549783181,5.571575346,2.713130434,3.666783721,4.113097081,3.969129391,4.160696719,1.903222399,2.677243245,4.451950445,5.175448812,2.761631436,4.061943941,3.024433856,4.429751291,3.691349439,2.020713254,2.447601414,2.114732107,3.9907783,2.733746221,2.603689245,2.984402127,6.342349967,6.967848744,13.23891261,5.545156856
"Wool, silk-worm cocoons",0,0,0,0,0,0,0,0,0,0,0,0,0,0,0,0,0,0,0,0,0,0,0,0,0,0,0,0,0,0,0,0
Manure (conventional treatment),0,0,0,0,0,0,0,0,0,0,0,0,0,0,0,0,0,0,0,0,0,0,0,0,0,0,0,0,0,0,0,0
Manure (biogas treatment),0,0,0,0,0,0,0,0,0,0,0,0,0,0,0,0,0,0,0,0,0,0,0,0,0,0,0,0,0,0,0,0
"Products of forestry, logging and related services (02)",25.76987155,8.782530858,2.066792236,16.25582345,3.665873601,6.631068852,12.9070427,8.761039715,6.110669401,9.963957811,3.905749188,2.951475651,2.118202794,2.500818976,10.70835123,3.816437619,3.447093218,38.23564026,2.012406256,16.93842326,5.298061129,5.196732677,7.1252481,0.833986162,14.90215185,3.463711921,3.224704615,14.67339568,81.82857274,21.87183335,41.55648336,64.79387849
Fish and other fishing products; services incidental of fishing (05),58.5623023,51.3433891,4.5385012,30.02336169,23.44598014,51.53145205,62.37607889,34.5443742,19.24243846,88.26091021,38.22735329,9.079554395,12.45369381,7.724822183,48.77316044,35.35663861,17.29667071,63.84724263,18.57806358,45.33401476,51.15594141,14.66663192,19.47336582,3.314200061,50.09386034,39.52177908,8.870298376,56.23063857,62.42081787,55.75209676,105.9289838,65.90178716
Anthracite,0,0,0,0,0,0,0,0,0,0,0,0,0,0,0,0,0,0,0,0,0,0,0,0,0,0,0,0,0,0,0,0
Coking Coal,0,0,0,0,0,0,0,0,0,0,0,0,0,0,0,0,0,0,0,0,0,0,0,0,0,0,0,0,0,0,0,0
Other Bituminous Coal,0,0,0,0,0,0,0,0,0,0,0,0,0,0,0,0,0,0,0,0,0,0,0,0,0,0,0,0,0,0,0,0
Sub-Bituminous Coal,0,0,0,0,0,0,0,0,0,0,0,0,0,0,0,0,0,0,0,0,0,0,0,0,0,0,0,0,0,0,0,0
Patent Fuel,0,0,0,0,0,0,0,0,0,0,0,0,0,0,0,0,0,0,0,0,0,0,0,0,0,0,0,0,0,0,0,0
Lignite/Brown Coal,0,0,0,0,0,0,0,0,0,0,0,0,0,0,0,0,0,0,0,0,0,0,0,0,0,0,0,0,0,0,0,0
BKB/Peat Briquettes,0,0,0,0,0,0,0,0,0,0,0,0,0,0,0,0,0,0,0,0,0,0,0,0,0,0,0,0,0,0,0,0
Peat,0,0,0,0,0,0,0,0,0,0,0,0,0,0,0,0,0,0,0,0,0,0,0,0,0,0,0,0,0,0,0,0
"Crude petroleum and services related to crude oil extraction, excluding surveying",0,0,0,0,0,0,0,0,0,0,0,0,0,0,0,0,0,0,0,0,0,0,0,0,0,0,0,0,0,0,0,0
"Natural gas and services related to natural gas extraction, excluding surveying",0,0,0,0,0,0,0,0,0,0,0,0,0,0,0,0,0,0,0,0,0,0,0,0,0,0,0,0,0,0,0,0
Natural Gas Liquids,3.242701153,20.61787545,0,31.12099754,0,14.11400707,11.12741746,0,28.56199155,1.470184666,12.27715418,15.88069554,0,5.978332517,9.194900526,8.531879936,0,1.681567265,0,0,0,4.890789936,23.00199819,0,0.82815249,29.3782109,0,4.045591139,20.05649336,0,0,0
Other Hydrocarbons,0,0,0,0,0,0,0,0,0,0,0,0,0,0,0,0,0,0,0,0,0,0,0,0,0,0,0,0,0,0,0,0
Uranium and thorium ores (12),0,0,0,0,0,0,0,0,0,0,0,0,0,0,0,0,0,0,0,0,0,0,0,0,0,0,0,0,0,0,0,0
Iron ores,0,0,0,0,0,0,0,0,0,0,0,0,0,0,0,0,0,0,0,0,0,0,0,0,0,0,0,0,0,0,0,0
Copper ores and concentrates,0,0,0,0,0,0,0,0,0,0,0,0,0,0,0,0,0,0,0,0,0,0,0,0,0,0,0,0,0,0,0,0
Nickel ores and concentrates,0,0,0,0,0,0,0,0,0,0,0,0,0,0,0,0,0,0,0,0,0,0,0,0,0,0,0,0,0,0,0,0
Aluminium ores and concentrates,0,0,0,0,0,0,0,0,0,0,0,0,0,0,0,0,0,0,0,0,0,0,0,0,0,0,0,0,0,0,0,0
Precious metal ores and concentrates,0,0,0,0,0,0,0,0,0,0,0,0,0,0,0,0,0,0,0,0,0,0,0,0,0,0,0,0,0,0,0,0
"Lead, zinc and tin ores and concentrates",0,0,0,0,0,0,0,0,0,0,0,0,0,0,0,0,0,0,0,0,0,0,0,0,0,0,0,0,0,0,0,0
Other non-ferrous metal ores and concentrates,0,0,0,0,0,0,0,0,0,0,0,0,0,0,0,0,0,0,0,0,0,0,0,0,0,0,0,0,0,0,0,0
Stone,0,0,0,0,0,0,0,0,0,0,0,0,0,0,0,0,0,0,0,0,0,0,0,0,0,0,0,0,0,0,0,0
Sand and clay,5.85623023,5.13433891,0.45385012,3.002336169,2.344598014,5.153145205,6.237607889,3.45443742,1.924243846,8.826091021,3.822735329,0.90795544,1.245369381,0.772482218,4.877316044,3.535663861,1.729667071,6.384724263,1.857806358,4.533401476,5.115594141,1.466663192,1.947336582,0.331420006,5.009386034,3.952177908,0.887029838,5.623063857,6.242081787,5.575209676,10.59289838,6.590178716
"Chemical and fertilizer minerals, salt and other mining and quarrying products n.e.c.",5.85623023,5.13433891,0.45385012,3.002336169,2.344598014,5.153145205,6.237607889,3.45443742,1.924243846,8.826091021,3.822735329,0.90795544,1.245369381,0.772482218,4.877316044,3.535663861,1.729667071,6.384724263,1.857806358,4.533401476,5.115594141,1.466663192,1.947336582,0.331420006,5.009386034,3.952177908,0.887029838,5.623063857,6.242081787,5.575209676,10.59289838,6.590178716
Products of meat cattle,77.93786208,113.3080958,37.10681867,81.27611388,42.69720572,75.37680861,114.0619931,46.24022189,103.302387,52.65978198,96.36684383,79.73036195,46.54222674,71.13463482,109.4055228,120.4801859,59.80296201,94.59829525,52.50567354,94.82882181,64.12281799,54.97156679,62.15713193,44.47635671,60.90909079,67.72120333,51.89370659,76.70347348,104.6155918,140.7704764,267.4639052,91.46607628
Products of meat pigs,66.80388179,97.12122501,31.80584458,69.66524047,36.5976049,64.6086931,97.76742264,39.6344759,88.54490311,45.13695598,82.60015186,68.34031025,39.8933372,60.97254415,93.77616243,103.2687307,51.25968172,81.08425307,45.00486303,81.28184729,54.96241543,47.11848582,53.27754165,38.12259147,52.20779211,58.04674571,44.48031993,65.74583441,89.67050723,120.6604084,229.2547759,78.39949396
Products of meat poultry,66.80388179,97.12122501,31.80584458,69.66524047,36.5976049,64.6086931,97.76742264,39.6344759,88.54490311,45.13695598,82.60015186,68.34031025,39.8933372,60.97254415,93.77616243,103.2687307,51.25968172,81.08425307,45.00486303,81.28184729,54.96241543,47.11848582,53.27754165,38.12259147,52.20779211,58.04674571,44.48031993,65.74583441,89.67050723,120.6604084,229.2547759,78.39949396
Meat products nec,217.1126158,315.6439813,103.3689949,226.4120315,118.9422159,209.9782526,317.7441236,128.8120467,287.7709351,146.6951069,268.4504935,222.1060083,129.6533459,198.1607685,304.7725279,335.6233749,166.5939656,263.5238224,146.2658048,264.1660037,178.6278501,153.1350789,173.1520104,123.8984223,169.6753244,188.6519235,144.5610398,213.6739618,291.4291485,392.1463272,745.0780216,254.7983553
products of Vegetable oils and fats,31.4393941,28.49126898,14.74829011,27.89291471,17.60131842,28.53352669,34.43562221,15.0796645,27.19754906,21.39673327,23.44739776,55.11518885,15.69226394,20.70744989,28.22206165,44.42688238,24.6667704,22.48389249,18.95825939,27.46716213,18.493098,20.97963325,26.5269634,13.82462181,21.53865829,24.27075938,19.55764988,22.62824518,23.78719668,33.89513095,64.40074881,20.79729713
Dairy products,539.2714461,604.8353766,278.2886964,710.0434648,315.1039392,515.4707457,856.2443628,388.919457,488.8243883,577.6851395,542.7454282,601.5923921,266.6178198,364.4728903,661.6493969,708.5790411,394.1030633,558.6569223,412.3543558,577.4157364,499.2474178,299.9976473,341.6511652,274.7727097,568.9540575,402.3036929,371.2540508,446.442049,909.2540699,943.6743106,1792.98119,794.9666079
Processed rice,13.90180842,17.9764038,6.142274773,17.40142237,6.205786525,13.48488731,16.3245597,7.668038322,14.15096784,10.41657307,15.77266707,10.66825835,5.906127723,8.490685721,16.81828623,19.45812301,7.195869432,13.54055964,7.621305668,14.9887972,14.18428284,7.099157298,9.33252361,6.650286863,12.02375118,8.957350554,7.946077699,13.22958739,16.38729312,21.18026518,40.24250383,14.32751445
Sugar,35.84946689,42.89577719,10.94833623,33.69777485,16.24194552,33.61737044,74.98538051,28.61319119,22.18892935,40.52400336,32.46378061,23.90945525,14.61150589,18.06676208,52.17129429,33.24402199,22.25190435,35.28413763,23.60781133,26.2186845,30.65418473,18.05080052,14.10244284,11.75068413,41.51783966,26.05565004,23.38091612,33.39997353,74.67259454,58.9634997,112.0306494,65.28672364
Food products nec,1064.024472,1334.868326,376.0509538,1019.730126,416.0398804,994.1123425,1308.939091,623.3476855,921.5471345,1010.058838,1017.409042,671.2575632,423.9704108,554.8644196,1297.431179,1111.453179,519.0731075,1024.974868,552.0045071,989.1063766,1149.438863,504.9562222,580.5557151,365.6887581,869.2359613,643.520514,557.8653684,933.7198555,1528.604075,1676.570749,3185.484423,1290.099839
Beverages,285.3445966,379.3648896,63.59486602,201.5991454,99.35330286,232.2755925,405.35424,150.357506,187.7339097,263.2389455,252.6440901,143.6530831,106.3987489,98.75605537,361.4764208,214.2476448,138.3395867,296.8678465,130.4555845,209.9764315,328.3050774,112.1252796,128.8315305,66.74444527,253.9847312,147.4676487,131.1543821,276.2857915,562.1658395,454.6528579,863.84043,445.1367521
Fish products,79.83475924,203.3062573,40.23405385,183.8389579,53.0330084,82.90624611,231.8973927,137.0067528,343.0044988,157.6573272,213.5555751,205.2709849,15.75800418,65.69914033,125.4673815,245.0575519,92.57798418,241.8609625,100.5741755,314.8556904,118.968602,59.00597785,211.8406006,61.25985007,200.5843483,60.92796841,51.25893191,173.5150334,352.2309228,157.2010127,298.6819241,307.9577327
Tobacco products (16),375.5748462,224.9967306,157.7860691,279.8303023,98.77308639,168.1767355,182.1259435,113.9375384,350.0691319,163.4417783,318.6444928,362.3818257,136.9979426,170.0505338,314.2396614,255.2881617,71.39083648,180.8325385,85.02380587,247.4990781,504.5702002,78.83695505,131.709783,261.177608,145.7916957,126.6995529,119.3353398,152.5631643,412.4372337,252.2411094,479.2581079,326.5779557
Textiles (17),692.5816263,600.2930361,102.474647,608.888197,197.8243735,451.0475681,608.6709669,277.022647,469.020646,433.0509114,417.7925055,335.47894,153.9763859,212.9470586,638.8149046,425.8050408,205.8471843,1217.460393,197.5002301,656.6811482,477.381387,189.249552,322.5002185,104.5906257,445.6617406,463.2894324,239.3522564,577.6097457,1521.637561,894.9905249,1700.481997,1198.934745
Wearing apparel; furs (18),560.8733142,506.305283,99.12579809,535.2744726,167.4334844,414.1862878,502.2275624,241.7179185,448.2555902,305.1716605,397.1089846,295.1967894,147.9409141,246.2961724,544.8274562,433.6024163,223.6676894,1054.37857,216.1806581,567.1144031,396.4217919,150.1404185,282.7107345,127.8892973,305.3806669,549.7381521,275.8417453,403.3192051,942.1236156,681.9783849,1295.758931,708.3375027
Leather and leather products (19),128.7083155,102.7906458,25.83749903,99.80003183,42.76166352,98.32986574,125.3323349,63.82196361,94.87328456,84.53013462,82.22682458,48.07533219,36.50650524,52.36579587,98.36851787,90.20881644,64.99195259,186.6196825,54.64425808,122.1689222,79.62865333,36.51667497,60.22459794,40.57597916,69.48006833,134.4974748,62.81004253,85.30194097,132.5297143,128.8795785,244.8711992,113.178014
Wood and products of wood and cork (except furniture); articles of straw and plaiting materials (20),165.4736386,26.76932124,141.7955888,84.80565239,36.31362329,49.81437806,97.564738,190.4164545,21.55080059,103.6598995,42.95623656,102.6623888,177.1790875,208.3674885,14.54987049,54.12658381,126.0381501,54.16701471,127.0047148,0,0,61.40798249,105.7772921,139.4804094,22.51767436,369.3702756,92.70662348,25.44156807,146.9224363,74.64867763,141.8324875,0
"Wood material for treatment, Re-processing of secondary wood material into new wood material",0,0,0,0,0,0,0,0,0,0,0,0,0,0,0,0,0,0,0,0,0,0,0,0,0,0,0,0,0,0,0,0
Pulp,0,0,0,0,0,0,0,0,0,0,0,0,0,0,0,0,0,0,0,0,0,0,0,0,0,0,0,0,0,0,0,0
"Secondary paper for treatment, Re-processing of secondary paper into new pulp",0,0,0,0,0,0,0,0,0,0,0,0,0,0,0,0,0,0,0,0,0,0,0,0,0,0,0,0,0,0,0,0
Paper and paper products,107.6427796,48.3848018,12.06606293,79.41653177,19.42661213,32.31318443,58.93298136,38.73960553,35.10151205,48.91127833,23.98397519,20.36486283,15.09620337,15.53116488,53.51492362,31.20617509,20.86849861,157.1057663,11.89277679,82.10411447,29.62002688,25.11621017,38.72897568,8.348714141,65.7855157,23.31675487,21.7469007,76.13147459,316.3180239,94.46746445,179.4881825,252.8681748
Printed matter and recorded media (22),540.4891907,561.5020343,50.50169079,392.9132397,144.8421331,628.1874426,569.1563164,205.5575438,338.8857414,545.5748764,362.5969941,205.7311466,95.5607119,146.4185179,352.1427502,406.7566035,156.0086498,570.7066806,145.9799043,405.4843262,502.238838,136.9455328,283.8074156,54.76880545,482.4514952,385.8861341,109.0169004,528.856753,776.7378176,666.638297,1266.612764,673.2190278
Coke Oven Coke,6.694792484,1.157769291,6.488417439,3.392226096,2.022169828,2.107760619,3.902589519,7.637812894,0.884176589,4.159289053,1.724767067,4.143132527,7.483081422,8.353175631,8.430130762,2.165063352,5.54806457,2.20158046,5.126705105,0,0,7.678581497,4.231091683,5.653821393,0.900706974,14.77490779,3.879321642,1.287720511,5.876897455,0.41851797,0.795184144,0
Gas Coke,1.896173474,2.174911022,20.41484725,0,14.24062242,2.879637397,0,0.52886782,0.553614134,0.322326811,0.162940135,0.915924363,9.897948067,0.461902347,196.2033985,0,12.66346407,0.872496811,1.162912852,0,0,130.5565549,0,1.86512548,0,0.002419122,4.276417558,6.751444732,0,0,0,0
Coal Tar,0,0,0,0,0,0,0,0,0,0,0,0,0,0,0,0,0,0,0,0,0,0,0,0,0,0,0,0,0,0,0,0
Motor Gasoline,110.2809949,420.7318367,77.17857934,191.0677192,82.76331119,194.856227,203.939495,111.2160055,337.1425136,134.3969479,312.7461236,309.8006,97.49388229,178.6183499,227.158561,334.1958996,238.6642056,304.6485499,185.2532603,210.2268581,127.912214,82.02340051,456.7056229,57.88594477,228.5277962,302.0196147,117.559844,225.8079124,0,632.1475907,1201.080422,323.9996241
Aviation Gasoline,0,0,0,0,0,0,0,0,0,0,0,0,0,0,0,0,0,0,0,0,0,0,0,0,0,0,0,0,0,0,0,0
Gasoline Type Jet Fuel,0,0,0,0,0,0,0,0,0,0,0,0,0,0,0,0,0,0,0,0,0,0,0,0,0,0,0,0,0,0,0,0
Kerosene Type Jet Fuel,0,4.059447222,0,11.25617785,0,0.109993928,2.08296952,0,0,0,2.596812647,0.609075534,0,0,152.0576904,0.015670914,0,1.663706119,0,0,0,0,0,0,0,0,0,34.91713668,3.842418605,131.525323,249.8981137,129.8580803
Kerosene,25.60484976,100.716762,0,25.4990898,0,53.50083452,25.49790581,0,19.26032873,14.42797317,16.3300872,59.25483291,0,3.345831522,53.39088065,3.860428334,0,72.34573429,0,0,0,1.402390884,6.632577991,0,4.006693978,33.69664589,0,10.44621161,15.96644576,0,0,0
Gas/Diesel Oil,229.625339,392.4834138,87.19488092,764.8024983,124.3482245,405.7265463,449.9110431,168.5080721,272.5232906,377.4553658,177.2146454,327.5956954,205.6596476,145.4765697,472.985954,353.3922728,86.33798806,233.7505003,95.47130808,448.5286577,762.4656649,137.8491487,351.909786,65.39843185,375.7953611,297.2235534,176.6284803,470.173655,0,300.7900137,571.5010259,313.1325476
Heavy Fuel Oil,98.48755507,377.1688291,0,53.18906463,0,196.3575416,88.78123627,0,47.33911078,56.241708,50.44638198,211.5852155,0,6.359073635,52.31094058,6.525184444,0,287.670232,0,0,0,0.560695565,3.055588961,0,15.19862342,105.4083726,0,2.815095299,39.96687106,262.1110396,498.0109752,11.40119479
Refinery Gas,0,0,0,0,0,0,0,0,0,0,0,0,0,0,0,0,0,0,0,0,0,0,0,0,0,0,0,0,0,0,0,0
Liquefied Petroleum Gases (LPG),0,0,0,0,0,0,0,0,0,0,0,0,0,0,0,0,0,0,0,0,0,0,0,0,0,0,0,0,0,0,0,0
Refinery Feedstocks,0,0,0,0,0,0,0,0,0,0,0,0,0,0,0,0,0,0,0,0,0,0,0,0,0,0,0,0,0,0,0,0
Ethane,0,0,0,0,0,0,0,0,0,0,0,0,0,0,0,0,0,0,0,0,0,0,0,0,0,0,0,0,0,0,0,0
Naphtha,0,0,0,0,0,0,0,0,0,0,0,0,0,0,0,0,0,0,0,0,0,0,0,0,0,0,0,0,0,0,0,0
White Spirit & SBP,0,0,0,0,0,0,0,0,0,0,0,0,0,0,0,0,0,0,0,0,0,0,0,0,0,0,0,0,0,0,0,0
Lubricants,0,0,0,0,0,0,0,0,0,0,0,0,0,0,0,0,0,0,0,0,0,0,0,0,0,0,0,0,0,0,0,0
Bitumen,0,0,0,0,0,0,0,0,0,0,0,0,0,0,0,0,0,0,0,0,0,0,0,0,0,0,0,0,0,0,0,0
Paraffin Waxes,0,0,0,0,0,0,0,0,0,0,0,0,0,0,0,0,0,0,0,0,0,0,0,0,0,0,0,0,0,0,0,0
Petroleum Coke,0,0,0,0,0,0,0,0,0,0,0,0,0,0,0,0,0,0,0,0,0,0,0,0,0,0,0,0,0,0,0,0
Non-specified Petroleum Products,0,0,0,0,0,0,0,0,0,0,0,0,0,0,0,0,0,0,0,0,0,0,0,0,0,0,0,0,0,0,0,0
Nuclear fuel,0,0,0,0,0,0,0,0,0,0,0,0,0,0,0,0,0,0,0,0,0,0,0,0,0,0,0,0,0,0,0,0
"Plastics, basic",0,0,0,0,0,0,0,0,0,0,0,0,0,0,0,0,0,0,0,0,0,0,0,0,0,0,0,0,0,0,0,0
"Secondary plastic for treatment, Re-processing of secondary plastic into new plastic",0,0,0,0,0,0,0,0,0,0,0,0,0,0,0,0,0,0,0,0,0,0,0,0,0,0,0,0,0,0,0,0
N-fertiliser,11.71246046,10.26867782,0.90770024,6.004672339,4.689196028,10.30629041,12.47521578,6.908874841,3.848487691,17.65218204,7.645470657,1.815910879,2.490738762,1.544964437,9.754632089,7.071327722,3.459334141,12.76944853,3.715612716,9.06680295,10.23118828,2.933326384,3.894673164,0.662840012,10.01877207,7.904355816,1.774059675,11.24612771,12.48416357,11.15041935,21.18579677,13.18035744
P- and other fertiliser,11.71246046,10.26867782,0.90770024,6.004672339,4.689196028,10.30629041,12.47521578,6.908874841,3.848487691,17.65218204,7.645470657,1.815910879,2.490738762,1.544964437,9.754632089,7.071327722,3.459334141,12.76944853,3.715612716,9.06680295,10.23118828,2.933326384,3.894673164,0.662840012,10.01877207,7.904355816,1.774059675,11.24612771,12.48416357,11.15041935,21.18579677,13.18035744
Chemicals nec,517.7267788,629.6818624,166.6636975,638.0392098,195.9188548,491.4362046,423.7245209,296.9722221,385.4169118,462.5817779,261.227343,387.8495419,313.036298,253.2037867,408.53261,628.011096,335.3515775,614.2108901,296.290399,622.1078495,259.961274,255.0842852,559.2500364,152.1657355,355.9397019,346.814189,313.1095683,326.6491831,490.6540516,579.8261628,1101.669709,436.8772837
Charcoal,0,0,0,0,0,0,0,0,0,0,0,0,0,0,0,0,0,0,0,0,0,0,0,0,0,0,0,0,0,0,0,0
Additives/Blending Components,0,0,0,0,0,0,0,0,0,0,0,0,0,0,0,0,0,0,0,0,0,0,0,0,0,0,0,0,0,0,0,0
Biogasoline,11.93974398,30.73592523,6.613726715,6.553106585,7.032834094,16.20987677,15.74950438,6.036140476,27.7540312,36.35474238,31.87010922,13.07315849,8.51460141,11.1085075,22.27983777,33.2421174,10.07130065,25.25404353,9.984456849,20.00987442,18.28654017,5.346142326,45.66001262,4.928414639,99.38799806,26.20192556,10.6518255,21.94060907,117.9973237,18.54184611,35.22950761,121.869373
Biodiesels,24.8607456,28.67227961,7.472061791,26.23065951,10.56652302,33.7519484,34.74499109,9.14561164,22.4344887,102.1027099,18.05889722,13.82408699,17.96122879,9.047377086,46.39072497,35.1515606,3.64334414,19.37690271,5.145545912,42.69198616,109.0033435,8.984767321,35.18284965,5.568028478,163.4354738,25.78583986,16.00389799,45.68438831,114.0396464,8.822626594,16.76299053,117.7818256
Other Liquid Biofuels,0.689142822,1.020896119,0,6.430119202,0,3.421795449,0,0,1.140212598,0,0,8.944345053,0,1.045919937,0,0.368978042,0,0,0,0,0,0.158078034,0.47272481,0,0,0,0,0.007023315,7.70E-13,1.001184809,1.902251136,0
Rubber and plastic products (25),280.7860573,145.0838187,31.51875924,215.744169,59.48757319,109.0367182,198.4163339,108.1777615,101.8686576,144.5868451,79.98663562,62.14373681,48.14601428,44.81389364,148.9053965,105.2124314,66.58792421,377.4340059,41.07604902,219.524639,103.601854,68.84291872,99.31296855,22.72958886,188.7313656,64.54793863,55.4217503,174.0407575,727.0318631,269.5381254,512.1224383,598.7709919
Glass and glass products,0,0,0,0,0,0,0,0,0,0,0,0,0,0,0,0,0,0,0,0,0,0,0,0,0,0,0,0,0,0,0,0
"Secondary glass for treatment, Re-processing of secondary glass into new glass",0,0,0,0,0,0,0,0,0,0,0,0,0,0,0,0,0,0,0,0,0,0,0,0,0,0,0,0,0,0,0,0
Ceramic goods,86.22715058,60.86346865,5.953561554,49.51785856,28.94335029,68.49076153,111.2989546,35.35831963,28.14178485,79.25141064,38.34693173,17.68621745,17.58804312,11.57898259,54.43436291,39.26239496,29.48037256,74.16698638,22.13228974,53.67433679,66.97430578,21.17541731,17.19724004,3.548835194,71.49169865,27.16915304,8.894886832,54.5647751,89.08313631,87.40466466,166.0688629,90.23220651
"Bricks, tiles and construction products, in baked clay",14.60292722,4.976767487,1.171182267,9.211633288,2.077328374,3.757605683,7.313990862,4.964589172,3.46271266,5.646242759,2.213257873,1.672502869,1.200314916,1.417130753,6.068065698,2.162647984,1.953352824,21.66686281,1.140363545,9.598439849,3.00223464,2.944815184,4.03764059,0.472592158,8.444552716,1.962770089,1.827332615,8.314924219,46.36952455,12.3940389,23.5486739,36.71653114
"Cement, lime and plaster",0,0,0,0,0,0,0,0,0,0,0,0,0,0,0,0,0,0,0,0,0,0,0,0,0,0,0,0,0,0,0,0
"Ash for treatment, Re-processing of ash into clinker",0,0,0,0,0,0,0,0,0,0,0,0,0,0,0,0,0,0,0,0,0,0,0,0,0,0,0,0,0,0,0,0
Other non-metallic mineral products,27.49127429,39.75710145,3.855648305,26.51894215,14.03333662,46.01300092,44.76330732,34.73285118,13.90900674,43.04474847,30.3036923,4.697464253,6.387122262,3.51558234,31.12061296,37.15340851,6.44393705,47.73789203,11.30649619,43.55860939,39.91904086,9.579101257,5.858060124,0,44.37813721,19.77581573,10.87713725,29.68686575,70.21986769,81.20781507,154.2948486,88.96291206
Basic iron and steel and of ferro-alloys and first products thereof,0,0,0,0,0,0,0,0,0,0,0,0,0,0,0,0,0,0,0,0,0,0,0,0,0,0,0,0,0,0,0,0
"Secondary steel for treatment, Re-processing of secondary steel into new steel",0,0,0,0,0,0,0,0,0,0,0,0,0,0,0,0,0,0,0,0,0,0,0,0,0,0,0,0,0,0,0,0
Precious metals,6.898765248,8.532077135,2.413339163,11.88710747,3.07949594,3.217880616,5.917436001,3.969475943,7.617434551,6.487949296,5.797736902,5.725671264,4.397675874,3.81689718,7.49291318,10.3275423,4.625314089,8.433781906,2.708372311,11.37589021,4.640768776,3.304859423,7.561839587,2.983378716,5.988048172,5.622131315,4.994967581,7.042726039,8.182866114,7.888679607,14.98849125,7.91926037
"Secondary preciuos metals for treatment, Re-processing of secondary preciuos metals into new preciuos metals",0,0,0,0,0,0,0,0,0,0,0,0,0,0,0,0,0,0,0,0,0,0,0,0,0,0,0,0,0,0,0,0
Aluminium and aluminium products,2.299588416,2.844025712,0.804446387,3.962369157,1.026498647,1.072626872,1.972478668,1.323158647,2.53914485,2.162649766,1.932578967,1.908557088,1.465891958,1.27229906,2.497637727,3.442514097,1.541771363,2.811260635,0.90279077,3.791963403,1.546922925,1.101619808,2.520613196,0.994459572,1.996016058,1.874043772,1.664989194,2.347575346,2.727622038,2.629559869,4.996163751,2.639753456
"Secondary aluminium for treatment, Re-processing of secondary aluminium into new aluminium",0,0,0,0,0,0,0,0,0,0,0,0,0,0,0,0,0,0,0,0,0,0,0,0,0,0,0,0,0,0,0,0
"Lead, zinc and tin and products thereof",0,0,0,0,0,0,0,0,0,0,0,0,0,0,0,0,0,0,0,0,0,0,0,0,0,0,0,0,0,0,0,0
"Secondary lead for treatment, Re-processing of secondary lead into new lead",0,0,0,0,0,0,0,0,0,0,0,0,0,0,0,0,0,0,0,0,0,0,0,0,0,0,0,0,0,0,0,0
Copper products,0,0,0,0,0,0,0,0,0,0,0,0,0,0,0,0,0,0,0,0,0,0,0,0,0,0,0,0,0,0,0,0
"Secondary copper for treatment, Re-processing of secondary copper into new copper",0,0,0,0,0,0,0,0,0,0,0,0,0,0,0,0,0,0,0,0,0,0,0,0,0,0,0,0,0,0,0,0
Other non-ferrous metal products,2.299588416,2.844025712,0.804446387,3.962369157,1.026498647,1.072626872,1.972478668,1.323158647,2.53914485,2.162649766,1.932578967,1.908557088,1.465891958,1.27229906,2.497637727,3.442514097,1.541771363,2.811260635,0.90279077,3.791963403,1.546922925,1.101619808,2.520613196,0.994459572,1.996016058,1.874043772,1.664989194,2.347575346,2.727622038,2.629559869,4.996163751,2.639753456
"Secondary other non-ferrous metals for treatment, Re-processing of secondary other non-ferrous metals into new other non-ferrous metals",0,0,0,0,0,0,0,0,0,0,0,0,0,0,0,0,0,0,0,0,0,0,0,0,0,0,0,0,0,0,0,0
Foundry work services,2.299588416,2.844025712,0.804446387,3.962369157,1.026498647,1.072626872,1.972478668,1.323158647,2.53914485,2.162649766,1.932578967,1.908557088,1.465891958,1.27229906,2.497637727,3.442514097,1.541771363,2.811260635,0.90279077,3.791963403,1.546922925,1.101619808,2.520613196,0.994459572,1.996016058,1.874043772,1.664989194,2.347575346,2.727622038,2.629559869,4.996163751,2.639753456
"Fabricated metal products, except machinery and equipment (28)",72.18650183,62.96738335,12.21363546,43.09003387,23.31029496,48.81494089,40.4764457,29.63392331,36.41532111,48.3412842,33.95359621,18.97424477,12.43004368,15.68626816,33.22065923,32.58900647,12.47390286,69.77135064,15.36175016,58.28656162,44.40527212,12.01493915,26.28207226,6.425111936,49.85410272,37.4920878,21.21058509,21.99401959,70.91305699,73.47780444,139.6078284,63.16954243
Machinery and equipment n.e.c. (29),430.7629904,346.4428235,64.10411183,315.660441,120.1915069,249.9132348,290.3814629,149.3618032,278.2986287,355.6180422,287.6835382,128.3211526,84.40282906,103.0486867,235.134286,235.7944298,89.85745731,493.1733298,99.34880454,333.1406225,289.9579052,81.44438816,203.2963857,46.17676445,345.5535785,211.8854772,117.3909794,241.4162187,471.8049164,472.8228685,898.3634501,398.8163725
Office machinery and computers (30),40.06023916,19.33793021,1.965467509,13.29939995,6.70126137,24.49217703,30.36640896,13.48031492,9.491088234,29.45409284,20.48307214,7.775523302,5.208233308,2.653319489,19.39985165,6.757781381,7.620475233,27.52422114,7.54819016,20.62575439,38.49608807,5.610323984,7.70229706,1.813722644,67.13822358,11.29566544,10.17228116,23.6248219,61.38005634,38.18035304,72.54267078,43.48621453
Electrical machinery and apparatus n.e.c. (31),57.30800749,95.8128941,5.468234221,12.42771963,8.271892142,31.15964115,55.8916606,9.055301556,17.82265716,41.65420135,17.91935269,8.491202717,5.869561804,13.73220037,22.51267026,24.52806935,3.491277233,54.4864595,9.409329163,18.9196846,68.70443221,3.434331794,24.06154741,1.338564986,22.09576813,35.1128338,5.591822523,39.65497846,55.2796907,221.4597007,420.7734313,54.9956561
"Radio, television and communication equipment and apparatus (32)",522.2681057,726.6024385,144.0378236,680.1434013,251.5239455,605.5950231,650.2193425,321.2864468,441.8615329,648.9706824,496.3523527,411.9150093,263.5324155,301.8991509,831.0631651,519.2342198,215.4533617,1105.64041,287.5159117,508.8740916,852.3953523,258.7140872,439.9490525,153.8625428,1013.779828,627.8224608,396.4020243,682.2661389,934.2682464,1268.644268,2410.424109,789.213713
"Medical, precision and optical instruments, watches and clocks (33)",153.4870843,148.3661513,25.2372343,114.270317,55.5752809,197.8178074,182.5912712,103.3323634,84.15913857,188.3980392,116.8158467,53.70627078,40.90970655,28.38460025,178.989569,131.7396081,49.49814438,191.1599954,56.48528415,183.3507783,147.2395801,45.83778361,71.24082578,16.96708466,217.5421387,84.92606788,57.0886316,140.1253375,259.3651951,294.7788862,560.0798838,254.8232938
"Motor vehicles, trailers and semi-trailers (34)",893.4979721,1089.108303,20.22023885,533.8923813,107.0384514,1013.034913,499.9629845,290.4574589,477.2732726,864.4897728,867.5987585,149.2821653,98.05324787,74.06578887,1094.543599,346.7606457,88.20693125,2202.537718,148.9719882,764.3583812,720.0113215,86.75837771,532.842675,10.49228873,654.0924786,663.7148342,372.0008983,794.0800801,1724.881127,1060.459638,2014.873312,1756.147775
Other transport equipment (35),194.784897,274.0555252,9.215524834,89.23909381,23.78102076,185.3587701,147.9533619,49.06662138,89.74032988,182.7893647,146.9643108,30.7493324,22.22198215,28.6593564,184.8486557,86.08453974,16.23928303,411.1212575,38.2140004,122.3996768,189.9114011,16.12165133,111.1557401,2.768167641,122.1373501,138.4279278,58.8709246,172.6152075,321.849596,431.3693525,819.6017697,328.1526765
Furniture; other manufactured goods n.e.c. (36),1099.641873,874.3452191,87.54657293,477.8412081,276.1363675,712.4953574,984.1502018,393.5109624,277.6356227,856.6785902,492.5405267,107.3481537,101.1102162,130.0797708,623.5135993,405.5050108,166.7327713,1439.560641,227.201266,751.7451438,779.8190514,189.7432699,191.3254508,38.92939258,941.0902435,473.370255,225.8732973,1209.482602,1078.785966,1262.845777,2399.406977,954.1223104
Secondary raw materials,7.004382752,5.479437767,0.4877391,2.53330865,1.262120912,3.420516767,5.467985832,1.835015192,1.214095532,2.935472793,2.403039053,0.323761224,0.268002247,0.80638019,2.302074989,1.778493296,0.546968856,9.715359334,1.212716089,3.986753853,4.437324043,0.91343539,0.636971956,0.089426112,5.622333427,2.42770732,1.499382449,7.678534448,5.013808412,7.623634223,14.48490502,3.970056939
"Bottles for treatment, Recycling of bottles by direct reuse",0,0,0,0,0,0,0,0,0,0,0,0,0,0,0,0,0,0,0,0,0,0,0,0,0,0,0,0,0,0,0,0
Electricity by coal,34.2479679,4.663101542,689.0984466,0,868.4578018,737.9104507,621.2440553,0,60.21126599,242.370511,38.55543933,365.6771877,178.2127312,249.9672137,101.5631843,128.8203937,0,0,0.089721074,0,243.4561646,1044.312373,157.674034,168.8535108,10.50861702,899.1939315,161.7817498,88.59895238,0,0,0,0
Electricity by gas,498.9492324,1330.612194,114.3642597,0,157.7174904,503.6706205,154.4061787,20.41328828,656.0875788,269.0168583,308.8192136,878.8275954,438.8165206,663.3632616,2252.707815,1081.487775,547.8444851,1052.544608,592.8836092,2993.43864,2027.653465,155.9971873,892.0160319,179.9341037,12.07706732,122.70777,308.0825677,1859.923453,480.5830032,37.65471457,71.54395769,0
Electricity by nuclear,0,1725.848616,848.6272018,0,813.4682554,353.5591802,0,0,557.6182966,1634.863944,3203.035545,0,796.8253696,0,0,0,0,0,0,0,111.0043852,0,0,206.9587053,1575.522621,1299.872047,1263.606494,863.1809069,0,1495.883082,2842.177856,0
Electricity by hydro,2049.31077,13.94452777,151.251353,0,53.47009673,102.8235874,2.175667221,0.273671353,305.1208456,1069.236917,559.6882078,187.3862748,13.43870667,1124.585082,125.6969605,413.878797,85.80161105,500.0895353,676.1176166,0,2.020113825,19.20893528,649.5254193,276.8673161,2326.127694,1040.753294,388.9559119,109.8806805,18786.42649,2319.417171,4406.892624,16414.99957
Electricity by wind,328.2180591,632.6882521,75.23948906,209.4541616,18.66675057,739.5600269,2395.757065,344.5272847,527.3970906,539.6824477,353.7854802,440.4287512,32.536086,315.5668733,1527.264315,163.067108,518.3316707,1372.203469,43.63576333,0.099473663,424.4082903,149.0434321,634.6001054,125.4839043,855.85773,1.280248983,0.814892951,1228.961649,276.6993048,0,0,0
Electricity by petroleum and other oil derivatives,155.3075345,181.0906991,22.58760315,3318.946738,81.27491638,123.7182202,151.00833,1584.002543,152.0889522,230.932333,103.9423075,288.3468468,17.30919997,8.602139227,222.1873959,136.7371349,62.13763907,416.0243864,0,31.04950331,152.7762871,42.29897425,53.32455421,12.70375782,92.13077071,2.595054901,0,124.6784199,0,0,0,3.658889867
Electricity by biomass and waste,194.4213133,264.1508611,76.00065665,46.28720389,132.8063426,276.5789543,746.7386551,511.7293639,64.96089756,755.8641096,73.73774363,15.54088334,118.4904687,176.0687039,115.9874179,165.0870033,193.4576231,1171.834542,211.7999912,15.35324534,212.6975646,64.90551522,205.249333,10.18964481,335.3036664,58.54488192,157.583573,590.8331717,0,186.9146057,355.1377509,0
Electricity by solar photovoltaic,60.45197825,235.4398477,79.94898802,162.2956476,59.23710312,280.4279656,181.1298562,15.41394603,198.4931488,6.350941547,118.94514,215.4445716,80.32093513,16.14767905,2.28880768,229.0200595,28.96384761,645.3385459,0.332988128,325.1348122,215.4983696,19.75950336,74.63185535,31.8333903,12.76718546,59.44935229,49.47125488,222.4487143,0,119.5324849,227.1117213,0
Electricity by solar thermal,0,0,0,0,0,0,0,0,0,0,0,0,0,0,0,0,0,0,0,0,0,0,0,0,0,0,0,0,0,0,0,0
"Electricity by tide, wave, ocean",0,0,0,0,0,0,0,0,0,0,0,0,0,0,0,0,0,0,0,0,0,0,0,0,0,0,0,0,0,0,0,0
Electricity by Geothermal,0.011501685,0,0,0,0,1.099717512,0,0,0.249147025,0,5.497793958,0,0.904783207,11.64967051,0,52.08035201,0,0,0,0,0,0,11.86738071,0,0,0,11.73430161,0.154887113,0,0,0,7340.952704
Electricity nec,0,0,0,0,0,0,0,0,0,0,0,0,0,0,0,0,0,0,0,0,0,0,0,0,0,0,0,0,0,0,0,0
Transmission services of electricity,0,0,0,0,0,0,0,0,0,0,0,0,0,0,0,0,0,0,0,0,0,0,0,0,0,0,0,0,0,0,0,0
Distribution and trade services of electricity,0,0,0,0,0,0,0,0,0,0,0,0,0,0,0,0,0,0,0,0,0,0,0,0,0,0,0,0,0,0,0,0
Coke oven gas,0,0,0,0,0,0,0,0,0,0,0,0,0,0,0,0,0,0,0,0,0,0,0,0,0,0,0,0,0,0,0,0
Blast Furnace Gas,0,0,0,0,0,0,0,0,0,0,0,0,0,0,0,0,0,0,0,0,0,0,0,0,0,0,0,0,0,0,0,0
Oxygen Steel Furnace Gas,0,0,0,0,0,0,0,0,0,0,0,0,0,0,0,0,0,0,0,0,0,0,0,0,0,0,0,0,0,0,0,0
Gas Works Gas,0,0,0,0,0,0,0,0,0,0,0,0,0,0,0,0,0,0,0,0,0,0,0,0,0,0,0,0,0,0,0,0
Biogas,0.64273655,0,0,0,0,4.599635842,0,0,0,0,0,0,0,0,0,0,0,0,0,0,0,0,0,0,0,0,0,0,0,6.721250996,12.77037689,0
Distribution services of gaseous fuels through mains,168.2689787,459.6898911,11.76050686,98.19850893,296.8590972,366.3544347,164.2344887,38.64909655,294.3150893,0,186.3685275,69.16354814,311.6408793,290.2883588,316.7827165,691.4962853,111.6402137,646.7204125,93.73524502,121.9990834,1466.671927,161.5597642,326.7286785,212.50497,0,187.3054767,349.6591606,763.76145,0,167.3918886,318.0445883,0
Steam and hot water supply services,158.1732074,8.175855824,77.69225175,4.829425072,238.134058,105.7425626,853.6787977,245.9551796,10.1141837,62.25688305,11.64880438,4.500650941,86.06112545,56.25221192,2.53274832,15.58113308,417.4002416,7.730470321,271.526559,2.704778326,10.01626024,184.8054263,5.236162996,46.54106301,51.01331655,153.3414323,297.4121857,7.334288941,4.24803063,30.69418274,58.31894721,1128.718284
"Collected and purified water, distribution services of water (41)",19.32282832,8.175855824,1.606361825,4.829425072,2.828941811,7.160274052,8.459005045,3.40057122,10.1141837,17.91968296,11.64880438,4.500650941,4.830184754,3.966702279,2.53274832,15.58113308,1.829247529,7.730470321,3.777552037,2.704778326,10.01626024,6.639947586,5.236162996,2.807914762,1.692269922,6.588182598,7.185636157,7.334288941,4.24803063,16.34093345,31.04777356,5.232414816
Construction work (45),300.6485014,102.46286,24.11257609,189.6512736,42.76852534,77.36246995,150.5821648,102.21213,71.29114301,116.5003628,45.56707385,34.4338826,24.71236592,29.17622138,124.9307643,44.52510556,40.21608754,446.0824698,23.47807299,197.6149381,61.81071318,60.62854788,83.12789449,9.729838552,173.8584383,40.40997242,37.62155384,171.1896162,954.6666819,255.171389,484.8256391,755.9285824
"Secondary construction material for treatment, Re-processing of secondary construction material into aggregates",0,0,0,0,0,0,0,0,0,0,0,0,0,0,0,0,0,0,0,0,0,0,0,0,0,0,0,0,0,0,0,0
"Sale, maintenance, repair of motor vehicles, motor vehicles parts, motorcycles, motor cycles parts and accessoiries",636.1903874,636.6936198,37.88824793,418.2707423,89.84489155,288.1142029,396.0940618,126.1024299,523.2305823,670.2437813,396.9186815,87.16560989,80.26760874,48.34813583,450.9906218,286.4744354,60.4653553,1148.107422,76.56919878,374.6868089,408.9601958,66.17737774,365.9822753,13.21249908,340.4551562,341.1315736,161.0909115,517.3996174,809.4600877,775.4223118,1473.302392,827.5056462
Retail trade services of motor fuel,0,0,0,0,0,0,0,0,0,0,0,0,0,0,0,0,0,0,0,0,0,0,0,0,0,0,0,0,0,0,0,0
"Wholesale trade and commission trade services, except of motor vehicles and motorcycles (51)",3.00777091,2.623640973,0.508901477,1.795418078,0.97126229,2.033955871,1.686518571,1.234746805,1.517305046,2.014220175,1.414733175,0.790593532,0.517918487,0.653594506,1.384194135,1.357875269,0.519745952,2.90713961,0.640072923,2.428606734,1.850219671,0.500622465,1.095086344,0.267712997,2.077254281,1.562170325,0.883774379,0.916417483,2.954710708,3.061575185,5.816992851,2.632064267
"Retail  trade services, except of motor vehicles and motorcycles; repair services of personal and household goods (52)",57.30450993,30.7595147,3.395446726,23.72136246,11.97761372,37.20739177,52.08065633,19.23659486,15.63853468,47.87420083,26.70611908,11.85272689,8.566450852,5.23605687,28.29599146,13.51167556,13.34823049,40.99220201,11.39907757,30.80619347,50.69539151,9.571471789,10.66252268,2.554369432,80.82666999,14.70990164,12.17098995,31.15360334,78.80294889,56.12408229,106.6357564,60.43860703
Hotel and restaurant services (55),3465.992059,2679.634261,466.5130202,3321.826477,667.5264134,1576.575488,2694.33677,793.5203767,2942.528855,2694.891598,2084.993017,1791.745605,524.4212705,419.7470283,2946.215801,1779.665924,513.8301065,5294.265997,587.1080161,2061.791081,2435.898314,604.2318714,2077.19964,123.6563125,2735.417698,1514.638155,729.4828671,3903.817102,2778.163908,6365.639845,12094.71571,1801.604392
Railway transportation services,137.5079431,143.2196212,14.99036569,0,35.76526507,110.6281474,0,16.72190293,75.72855612,295.1974799,358.8774206,48.85958797,30.96932076,81.0303216,141.5802917,154.4120105,18.46873161,95.82905042,46.39255987,0.221641248,234.8954058,32.89954062,57.29054383,35.2175662,361.0585973,0,16.10015163,395.0322072,245.5228027,959.4896749,1823.030382,147.1218377
Other land transportation services,74.19220148,70.71323344,87.93197059,32.64079328,92.84406055,53.69268389,72.79890003,62.6554195,156.4967418,414.7536327,134.3934176,131.8986911,54.68292694,160.4333043,384.4929864,95.55150545,111.4652607,96.402228,110.4217599,161.6248912,87.93582438,81.54600924,126.5632161,82.87376924,381.0509898,84.42835383,137.6406745,208.1247951,457.4957796,345.3158937,656.1001981,280.5266503
Transportation services via pipelines,3.487985732,0,0,0,0,4.128661152,0,0,0,0,0,0,0,0,0,0,0,0,0,1.551488737,0,0,0,0,0,0,0,0,16.12023735,4.063327941,7.720323089,9.659546556
Sea and coastal water transportation services,151.9665555,0,10.68509601,21.78541251,17.29055221,143.4996463,168.4965257,31.06871141,86.45657206,75.84582403,127.0802511,34.40728919,47.78530501,6.078172528,0,13.41201465,0,86.37720615,20.47347617,83.82438521,53.25376804,9.932310434,20.24221573,0,98.8643461,0,18.87710308,69.46248709,374.7162475,139.4645648,264.9826732,224.5369569
Inland water transportation services,123.4881931,30.07079609,11.74826941,23.04018678,18.53258155,99.22915454,126.6756508,5.98335552,52.13077555,31.60614236,77.62272788,12.10999636,48.97802114,9.883346285,5.669708938,19.86244847,0.324562717,14.52754962,22.73128146,2.907519199,74.87316217,10.27093569,27.00080325,0,31.55022434,9.927993517,19.30363059,45.83516404,19.33528652,76.12525076,144.6379764,17.97271945
Air transport services (62),0,164.1189194,5.757059205,191.1771037,6.485117884,140.3506463,299.7846794,50.49041382,94.2510653,393.4244779,178.5286314,88.97096909,0,26.24178807,113.858186,60.97692712,26.41761485,412.2975098,26.59487031,264.935993,304.1739076,14.78333548,72.74270154,0,60.29580238,28.15238761,19.72815489,362.7299407,650.137063,394.5759689,749.694341,389.5742408
Supporting and auxiliary transport services; travel agency services (63),1182.915991,548.3105294,106.1340863,102.2710348,171.3668994,514.413019,473.9855875,225.7906187,258.9027644,477.8579757,23.02050556,44.52360119,160.1111601,79.30096453,338.480675,145.4621945,57.38502637,624.1079342,85.01958903,238.4847999,334.5749273,155.1323686,107.35437,54.94270689,1439.14402,168.6034207,173.3438982,894.5977712,817.0159628,864.1343152,1641.855199,575.8937794
Post and telecommunication services (64),281.5312751,631.7394476,121.926872,590.2163684,194.8791287,375.4259736,404.0640559,229.0072815,385.0445438,534.7270359,404.858223,356.1411959,217.8708708,268.7966529,697.8006587,443.9241237,161.4211741,729.5760929,189.5989615,449.9499767,590.6298899,216.7863724,356.1191282,136.3270251,566.390371,535.6872192,317.7221045,506.9621804,476.5494603,1064.380312,2022.322593,409.4356683
"Financial intermediation services, except insurance and pension funding services (65)",34.61333162,77.25118045,0.314110788,1.683993496,56.25085836,58.73674204,208.183807,12.39958037,1.703429045,264.8719518,163.9690985,0.813036454,26.70879297,54.37667234,88.63855816,3.357747689,15.41040595,174.4424214,9.179532515,26.76759329,255.8685695,9.172697633,1.388913099,12.758944,108.1145968,128.2054407,12.07833184,35.57690077,46.54440932,345.0749552,655.6424148,36.02516021
"Insurance and pension funding services, except compulsory social security services (66)",752.8051541,1379.797697,42.6554316,765.8356604,134.8145129,876.0734653,1305.521082,105.7383109,719.1601267,782.5901578,1375.996983,248.3025645,147.5960285,267.2001822,1639.267464,791.6768908,98.40674895,1433.469663,83.34131051,595.4613308,2234.939743,98.16503344,321.1364633,20.86849226,660.3604954,802.5272726,447.5953011,802.3964603,680.9092174,2538.832192,4823.781164,696.7516028
Services auxiliary to financial intermediation (67),228.6851754,446.471858,16.99776472,167.8637257,36.11987251,131.6796568,240.1094993,33.2526959,161.8704835,577.5647345,432.7631463,63.69577471,40.37654785,76.0282261,307.5810517,229.6585113,20.80954944,343.8159145,17.13090193,311.2088239,401.2380052,23.92414872,94.09176379,4.398873625,132.0590501,181.3146335,70.0553009,210.7089668,174.9740685,750.8252904,1426.568052,132.2541487
Real estate services (70),4871.746343,8067.760159,1896.232192,6985.489982,1047.906665,8316.818294,10018.29513,340.0145169,7784.08009,8884.944194,7589.3016,4088.848055,3271.833493,4106.875988,13023.96698,10572.25596,4852.851066,16682.24615,1339.273776,469.5954167,8351.451187,2391.472272,5757.598701,2230.881819,10136.98687,5341.382375,2377.548095,4244.842284,13951.21707,11605.0495,22049.59406,8473.531627
Renting services of machinery and equipment without operator and of personal and household goods (71),294.8940557,668.7525593,17.27656765,308.5000427,20.18297682,229.809698,372.2241272,26.11625638,317.306595,267.372561,298.3552799,137.6941727,27.64280774,72.72280565,233.037485,324.0087622,16.01105099,663.6978572,44.48692563,99.31628465,513.2141086,21.58507839,375.5212664,10.42164339,99.57723645,161.3298947,6.931071896,318.4141242,305.982869,1351.365272,2567.594018,311.6908269
Computer and related services (72),18.57575818,8.780587955,1.312892027,46.79042085,4.152921181,12.06058826,11.07411598,6.940892084,15.95201686,3.248763308,9.112501499,23.85409129,3.247278903,5.076257741,45.89697905,7.940482649,2.2842484,10.04637611,8.102525382,25.70440087,24.77190708,6.487303023,25.63155736,1.282299248,0,8.790085153,2.21014045,33.20107969,7.309710016,26.20500341,49.78950648,3.858672236
Research and development services (73),4.643939546,2.195146989,0.328223007,11.69760521,1.038230295,3.015147065,2.768528995,1.735223021,3.988004215,0.812190827,2.278125375,5.963522823,0.811819726,1.269064435,11.47424476,1.985120662,0.5710621,2.511594027,2.025631345,6.426100218,6.192976769,1.621825755,6.40788934,0.320574812,0,2.197521288,0.552535112,8.300269924,1.827427504,6.551250853,12.44737662,0.964668059
Other business services (74),16.11218958,40.18927517,1.608244368,7.879558652,1.892564954,2.993838899,6.448211649,2.605243583,5.110287135,60.22549951,28.89158288,6.94952741,1.415224826,2.758265914,9.009872078,10.07324306,0.436882613,20.93586424,1.293145724,28.05201352,21.74535672,1.695565169,4.166739297,0,17.09102557,6.719455518,1.540293467,15.88026764,29.08441295,102.2065773,194.1924969,34.98073542
Public administration and defence services; compulsory social security services (75),342.8076304,472.9631381,21.46979262,517.024011,65.52551128,325.685381,445.238785,75.25308581,311.0147555,287.1352428,471.6924899,222.819214,64.08318683,111.2218239,761.5150735,287.3336918,42.89206091,484.2080433,74.86923405,352.8964465,798.6826261,69.4727866,256.7124964,13.97679666,191.2217512,289.4257273,142.1704802,445.8911498,247.4176095,923.8203178,1755.258604,226.0337845
Education services (80),325.0757683,153.6602892,22.97561048,818.8323648,72.67612068,211.0602945,193.7970297,121.4656115,279.1602951,56.85335789,159.4687762,417.4465976,56.8273808,88.8345105,803.1971335,138.9584464,39.974347,175.8115819,141.7941941,449.8270153,433.5083738,113.5278029,448.5522538,22.44023684,0,153.8264902,38.67745786,581.0188946,127.9199253,458.5875597,871.3163634,67.52676412
Health and social work services (85),1575.296912,1646.749952,246.0002127,2131.67302,386.1495438,1536.805136,1417.010079,599.1331381,1391.04199,1507.92243,1499.814494,1243.382481,429.090709,597.203476,1380.820373,1526.751611,508.6156917,1781.456673,632.4851085,1584.515254,874.1126973,501.6201933,1150.237869,321.4573526,1272.927447,763.4963836,359.4143585,992.4370844,1982.572715,3313.10415,6294.897886,1488.224063
Food waste for treatment: incineration,154.5826266,65.4068466,12.8508946,38.63540058,22.63153449,57.28219242,67.67204037,27.20456976,80.91346959,143.3574637,93.19043505,36.00520753,38.64147803,31.73361823,20.26198655,124.6490646,14.63398023,61.84376256,30.22041629,21.63822661,80.13008195,53.11958067,41.88930397,22.46331809,13.53815938,52.70546078,57.48508925,58.67431154,33.98424505,130.7274676,248.3821884,41.85931853
Paper waste for treatment: incineration,154.5826266,65.4068466,12.8508946,38.63540058,22.63153449,57.28219242,67.67204037,27.20456976,80.91346959,143.3574637,93.19043505,36.00520753,38.64147803,31.73361823,20.26198655,124.6490646,14.63398023,61.84376256,30.22041629,21.63822661,80.13008195,53.11958067,41.88930397,22.46331809,13.53815938,52.70546078,57.48508925,58.67431154,33.98424505,130.7274676,248.3821884,41.85931853
Plastic waste for treatment: incineration,173.9054548,73.58270242,14.45725643,43.46482565,25.4604763,64.44246647,76.13104541,30.60514098,91.02765328,161.2771467,104.8392394,40.50585847,43.47166278,35.70032051,22.79473487,140.2301978,16.46322776,69.57423288,33.99796833,24.34300493,90.14634219,59.75952824,47.12546696,25.27123285,15.23042931,59.29364338,64.67072541,66.00860047,38.23227568,147.0684011,279.429962,47.09173334
Intert/metal waste for treatment: incineration,270.5195965,114.4619815,22.48906555,67.61195101,39.60518535,100.2438367,118.4260706,47.60799708,141.5985718,250.8755615,163.0832614,63.00911317,67.62258652,55.5338319,35.45847646,218.1358631,25.60946541,108.2265845,52.88572852,37.86689656,140.2276434,92.95926617,73.30628194,39.31080666,23.69177891,92.23455636,100.5989062,102.6800452,59.47242883,228.7730683,434.6688298,73.25380742
Textiles waste for treatment: incineration,173.9054548,73.58270242,14.45725643,43.46482565,25.4604763,64.44246647,76.13104541,30.60514098,91.02765328,161.2771467,104.8392394,40.50585847,43.47166278,35.70032051,22.79473487,140.2301978,16.46322776,69.57423288,33.99796833,24.34300493,90.14634219,59.75952824,47.12546696,25.27123285,15.23042931,59.29364338,64.67072541,66.00860047,38.23227568,147.0684011,279.429962,47.09173334
Wood waste for treatment: incineration,173.9054548,73.58270242,14.45725643,43.46482565,25.4604763,64.44246647,76.13104541,30.60514098,91.02765328,161.2771467,104.8392394,40.50585847,43.47166278,35.70032051,22.79473487,140.2301978,16.46322776,69.57423288,33.99796833,24.34300493,90.14634219,59.75952824,47.12546696,25.27123285,15.23042931,59.29364338,64.67072541,66.00860047,38.23227568,147.0684011,279.429962,47.09173334
Oil/hazardous waste for treatment: incineration,193.2282832,81.75855824,16.06361825,48.29425072,28.28941811,71.60274052,84.59005045,34.0057122,101.141837,179.1968296,116.4880438,45.00650941,48.30184754,39.66702279,25.3274832,155.8113308,18.29247529,77.30470321,37.77552037,27.04778326,100.1626024,66.39947586,52.36162996,28.07914762,16.92269922,65.88182598,71.85636157,73.34288941,42.4803063,163.4093345,310.4777356,52.32414816
Food waste for treatment: biogasification and land application,0,0,0,0,0,0,0,0,0,0,0,0,0,0,0,0,0,0,0,0,0,0,0,0,0,0,0,0,0,0,0,0
Paper waste for treatment: biogasification and land application,0,0,0,0,0,0,0,0,0,0,0,0,0,0,0,0,0,0,0,0,0,0,0,0,0,0,0,0,0,0,0,0
Sewage sludge for treatment: biogasification and land application,0,0,0,0,0,0,0,0,0,0,0,0,0,0,0,0,0,0,0,0,0,0,0,0,0,0,0,0,0,0,0,0
Food waste for treatment: composting and land application,0,0,0,0,0,0,0,0,0,0,0,0,0,0,0,0,0,0,0,0,0,0,0,0,0,0,0,0,0,0,0,0
Paper and wood waste for treatment: composting and land application,0,0,0,0,0,0,0,0,0,0,0,0,0,0,0,0,0,0,0,0,0,0,0,0,0,0,0,0,0,0,0,0
Food waste for treatment: waste water treatment,0,0,0,0,0,0,0,0,0,0,0,0,0,0,0,0,0,0,0,0,0,0,0,0,0,0,0,0,0,0,0,0
Other waste for treatment: waste water treatment,0,0,0,0,0,0,0,0,0,0,0,0,0,0,0,0,0,0,0,0,0,0,0,0,0,0,0,0,0,0,0,0
Food waste for treatment: landfill,154.5826266,65.4068466,12.8508946,38.63540058,22.63153449,57.28219242,67.67204037,27.20456976,80.91346959,143.3574637,93.19043505,36.00520753,38.64147803,31.73361823,20.26198655,124.6490646,14.63398023,61.84376256,30.22041629,21.63822661,80.13008195,53.11958067,41.88930397,22.46331809,13.53815938,52.70546078,57.48508925,58.67431154,33.98424505,130.7274676,248.3821884,41.85931853
Paper for treatment: landfill,96.6141416,40.87927913,8.031809127,24.14712536,14.14470905,35.80137026,42.29502523,17.0028561,50.57091849,89.59841482,58.2440219,22.5032547,24.15092377,19.83351139,12.66374159,77.9056654,9.146237642,38.65235161,18.88776019,13.52389163,50.08130122,33.19973792,26.18081498,14.03957381,8.461349612,32.94091299,35.92818078,36.67144471,21.24015316,81.70466725,155.2388678,26.16207408
Plastic waste for treatment: landfill,19.32282832,8.175855824,1.606361825,4.829425072,2.828941811,7.160274052,8.459005045,3.40057122,10.1141837,17.91968296,11.64880438,4.500650941,4.830184754,3.966702279,2.53274832,15.58113308,1.829247529,7.730470321,3.777552037,2.704778326,10.01626024,6.639947586,5.236162996,2.807914762,1.692269922,6.588182598,7.185636157,7.334288941,4.24803063,16.34093345,31.04777356,5.232414816
Inert/metal/hazardous waste for treatment: landfill,270.5195965,114.4619815,22.48906555,67.61195101,39.60518535,100.2438367,118.4260706,47.60799708,141.5985718,250.8755615,163.0832614,63.00911317,67.62258652,55.5338319,35.45847646,218.1358631,25.60946541,108.2265845,52.88572852,37.86689656,140.2276434,92.95926617,73.30628194,39.31080666,23.69177891,92.23455636,100.5989062,102.6800452,59.47242883,228.7730683,434.6688298,73.25380742
Textiles waste for treatment: landfill,19.32282832,8.175855824,1.606361825,4.829425072,2.828941811,7.160274052,8.459005045,3.40057122,10.1141837,17.91968296,11.64880438,4.500650941,4.830184754,3.966702279,2.53274832,15.58113308,1.829247529,7.730470321,3.777552037,2.704778326,10.01626024,6.639947586,5.236162996,2.807914762,1.692269922,6.588182598,7.185636157,7.334288941,4.24803063,16.34093345,31.04777356,5.232414816
Wood waste for treatment: landfill,19.32282832,8.175855824,1.606361825,4.829425072,2.828941811,7.160274052,8.459005045,3.40057122,10.1141837,17.91968296,11.64880438,4.500650941,4.830184754,3.966702279,2.53274832,15.58113308,1.829247529,7.730470321,3.777552037,2.704778326,10.01626024,6.639947586,5.236162996,2.807914762,1.692269922,6.588182598,7.185636157,7.334288941,4.24803063,16.34093345,31.04777356,5.232414816
Membership organisation services n.e.c. (91),122.4520994,87.76639552,9.514707828,78.69702754,36.10178162,146.5716573,232.9525093,66.76535413,82.93541956,93.84169033,117.8599845,37.07390037,34.98317048,44.59539712,234.4814447,68.12826959,31.85593671,138.4160474,28.08625061,51.45736772,143.0190945,19.28671484,30.38337582,10.70941611,147.228781,89.0575887,35.38548653,195.2331144,186.4845736,263.2546913,500.1839134,135.8500304
"Recreational, cultural and sporting services (92)",975.4364926,847.6849505,77.39029056,596.1153082,299.8872957,1078.913819,1648.571158,522.9741535,567.1877498,1020.409835,918.6302479,291.0616812,252.2577001,297.1176203,1614.706723,524.5721433,247.5764805,1126.310625,235.6926499,521.7284853,1168.848581,169.8800188,245.0608346,75.72901343,1173.583887,683.0297047,252.9921168,1431.125296,1515.180833,2359.435928,4482.928263,1292.142199
Other services (93),87.00750256,135.6813594,9.063453783,46.44801464,8.674959436,0,137.3330611,10.61371882,42.54159015,245.6207076,155.8459154,16.43122603,11.90862973,20.09290657,171.186275,65.13414438,5.811225012,127.9383016,6.830178039,96.74057869,75.99509001,6.347401989,75.26808621,1.7355288,58.6502215,42.47828362,4.918265137,109.3785481,140.7055725,257.0085832,488.316308,108.5795867
Private households with employed persons (95),164.9179068,206.1512645,17.40716787,214.1931558,16.30170902,47.5237622,537.7267241,17.46087888,183.3436786,262.1771629,350.680304,66.75716906,23.04156281,30.09834707,637.8557356,157.5480291,19.3310755,496.4046062,23.53264773,26.62964617,283.8976633,17.2152113,337.1074255,11.62430281,203.6738379,79.01483058,11.40027363,327.7132599,466.9942532,481.3533891,914.5714393,413.4975945
Extra-territorial organizations and bodies,0,0,0,0,0,0,0,0,0,0,0,0,0,0,0,0,0,0,0,0,0,0,0,0,0,0,0,0,0,0,0,0
